/*
 Navicat Premium Data Transfer

 Source Server         : Beifen
 Source Server Type    : MySQL
 Source Server Version : 80031
 Source Host           : localhost:3306
 Source Schema         : glkt_thc

 Target Server Type    : MySQL
 Target Server Version : 80031
 File Encoding         : 65001

 Date: 06/05/2023 16:04:18
*/

SET NAMES utf8mb4;
SET FOREIGN_KEY_CHECKS = 0;

-- ----------------------------
-- Table structure for chengshi
-- ----------------------------
DROP TABLE IF EXISTS `chengshi`;
CREATE TABLE `chengshi`  (
  `id` bigint UNSIGNED NOT NULL DEFAULT 0 COMMENT '主键',
  `title` varchar(10) CHARACTER SET utf8mb4 COLLATE utf8mb4_0900_ai_ci NOT NULL COMMENT '城市名称',
  `parent_id` bigint NOT NULL DEFAULT 0 COMMENT '父ID',
  `sort` int UNSIGNED NOT NULL DEFAULT 0 COMMENT '排序字段',
  `create_time` timestamp NOT NULL DEFAULT CURRENT_TIMESTAMP COMMENT '创建时间',
  `update_time` timestamp NOT NULL DEFAULT CURRENT_TIMESTAMP ON UPDATE CURRENT_TIMESTAMP,
  `is_deleted` tinyint NOT NULL DEFAULT 0,
  PRIMARY KEY (`id`) USING BTREE
) ENGINE = InnoDB CHARACTER SET = utf8mb4 COLLATE = utf8mb4_0900_ai_ci COMMENT = '城市' ROW_FORMAT = COMPACT;

-- ----------------------------
-- Records of chengshi
-- ----------------------------
INSERT INTO `chengshi` VALUES (1, '直辖市', 0, 1, '2023-02-19 19:48:21', '2023-02-19 19:48:21', 0);
INSERT INTO `chengshi` VALUES (2, '北京', 1, 1, '2023-02-19 19:48:21', '2023-02-19 19:48:21', 0);
INSERT INTO `chengshi` VALUES (3, '上海', 1, 2, '2023-02-19 19:48:21', '2023-02-19 19:48:21', 0);
INSERT INTO `chengshi` VALUES (4, '天津', 1, 3, '2023-02-19 19:48:21', '2023-02-19 19:48:21', 0);
INSERT INTO `chengshi` VALUES (5, '重庆', 1, 4, '2023-02-19 19:48:21', '2023-02-19 19:48:21', 0);
INSERT INTO `chengshi` VALUES (6, '河北省', 0, 2, '2023-02-19 19:48:21', '2023-02-19 19:48:21', 0);
INSERT INTO `chengshi` VALUES (7, '石家庄', 6, 1, '2023-02-19 19:48:21', '2023-02-19 19:48:21', 0);
INSERT INTO `chengshi` VALUES (8, '唐山', 6, 2, '2023-02-19 19:48:21', '2023-02-19 19:48:21', 0);
INSERT INTO `chengshi` VALUES (9, '秦皇岛', 6, 3, '2023-02-19 19:48:21', '2023-02-19 19:48:21', 0);
INSERT INTO `chengshi` VALUES (10, '邯郸', 6, 4, '2023-02-19 19:48:21', '2023-02-19 19:48:21', 0);
INSERT INTO `chengshi` VALUES (11, '邢台', 6, 5, '2023-02-19 19:48:21', '2023-02-19 19:48:21', 0);
INSERT INTO `chengshi` VALUES (12, '保定', 6, 6, '2023-02-19 19:48:21', '2023-02-19 19:48:21', 0);
INSERT INTO `chengshi` VALUES (13, '张家口', 6, 7, '2023-02-19 19:48:21', '2023-02-19 19:48:21', 0);
INSERT INTO `chengshi` VALUES (14, '承德', 6, 8, '2023-02-19 19:48:21', '2023-02-19 19:48:21', 0);
INSERT INTO `chengshi` VALUES (15, '沧州', 6, 9, '2023-02-19 19:48:21', '2023-02-19 19:48:21', 0);
INSERT INTO `chengshi` VALUES (16, '廊坊', 6, 10, '2023-02-19 19:48:21', '2023-02-19 19:48:21', 0);
INSERT INTO `chengshi` VALUES (17, '衡水', 6, 11, '2023-02-19 19:48:21', '2023-02-19 19:48:21', 0);
INSERT INTO `chengshi` VALUES (18, '山西省', 0, 3, '2023-02-19 19:48:21', '2023-02-19 19:48:21', 0);
INSERT INTO `chengshi` VALUES (19, '太原', 18, 1, '2023-02-19 19:48:21', '2023-02-19 19:48:21', 0);
INSERT INTO `chengshi` VALUES (20, '大同', 18, 2, '2023-02-19 19:48:21', '2023-02-19 19:48:21', 0);
INSERT INTO `chengshi` VALUES (21, '阳泉', 18, 3, '2023-02-19 19:48:21', '2023-02-19 19:48:21', 0);
INSERT INTO `chengshi` VALUES (22, '长治', 18, 4, '2023-02-19 19:48:21', '2023-02-19 19:48:21', 0);
INSERT INTO `chengshi` VALUES (23, '晋城', 18, 5, '2023-02-19 19:48:21', '2023-02-19 19:48:21', 0);
INSERT INTO `chengshi` VALUES (24, '朔州', 18, 6, '2023-02-19 19:48:21', '2023-02-19 19:48:21', 0);
INSERT INTO `chengshi` VALUES (25, '晋中', 18, 7, '2023-02-19 19:48:21', '2023-02-19 19:48:21', 0);
INSERT INTO `chengshi` VALUES (26, '运城', 18, 8, '2023-02-19 19:48:21', '2023-02-19 19:48:21', 0);
INSERT INTO `chengshi` VALUES (27, '忻州', 18, 9, '2023-02-19 19:48:21', '2023-02-19 19:48:21', 0);
INSERT INTO `chengshi` VALUES (28, '临汾', 18, 10, '2023-02-19 19:48:21', '2023-02-19 19:48:21', 0);
INSERT INTO `chengshi` VALUES (29, '吕梁', 18, 11, '2023-02-19 19:48:21', '2023-02-19 19:48:21', 0);
INSERT INTO `chengshi` VALUES (30, '内蒙古省', 0, 4, '2023-02-19 19:48:21', '2023-02-19 19:48:21', 0);
INSERT INTO `chengshi` VALUES (31, '呼和浩特', 30, 1, '2023-02-19 19:48:21', '2023-02-19 19:48:21', 0);
INSERT INTO `chengshi` VALUES (32, '包头', 30, 2, '2023-02-19 19:48:21', '2023-02-19 19:48:21', 0);
INSERT INTO `chengshi` VALUES (33, '乌海', 30, 3, '2023-02-19 19:48:21', '2023-02-19 19:48:21', 0);
INSERT INTO `chengshi` VALUES (34, '赤峰', 30, 4, '2023-02-19 19:48:21', '2023-02-19 19:48:21', 0);
INSERT INTO `chengshi` VALUES (35, '通辽', 30, 5, '2023-02-19 19:48:21', '2023-02-19 19:48:21', 0);
INSERT INTO `chengshi` VALUES (36, '鄂尔多斯', 30, 6, '2023-02-19 19:48:21', '2023-02-19 19:48:21', 0);
INSERT INTO `chengshi` VALUES (37, '呼伦贝尔', 30, 7, '2023-02-19 19:48:21', '2023-02-19 19:48:21', 0);
INSERT INTO `chengshi` VALUES (38, '巴彦淖尔', 30, 8, '2023-02-19 19:48:21', '2023-02-19 19:48:21', 0);
INSERT INTO `chengshi` VALUES (39, '乌兰察布', 30, 9, '2023-02-19 19:48:21', '2023-02-19 19:48:21', 0);
INSERT INTO `chengshi` VALUES (40, '兴安', 30, 10, '2023-02-19 19:48:21', '2023-02-19 19:48:21', 0);
INSERT INTO `chengshi` VALUES (41, '锡林郭勒', 30, 11, '2023-02-19 19:48:21', '2023-02-19 19:48:21', 0);
INSERT INTO `chengshi` VALUES (42, '阿拉善', 30, 12, '2023-02-19 19:48:21', '2023-02-19 19:48:21', 0);
INSERT INTO `chengshi` VALUES (43, '辽宁省', 0, 5, '2023-02-19 19:48:21', '2023-02-19 19:48:21', 0);
INSERT INTO `chengshi` VALUES (44, '沈阳', 43, 1, '2023-02-19 19:48:21', '2023-02-19 19:48:21', 0);
INSERT INTO `chengshi` VALUES (45, '大连', 43, 2, '2023-02-19 19:48:21', '2023-02-19 19:48:21', 0);
INSERT INTO `chengshi` VALUES (46, '鞍山', 43, 3, '2023-02-19 19:48:21', '2023-02-19 19:48:21', 0);
INSERT INTO `chengshi` VALUES (47, '抚顺', 43, 4, '2023-02-19 19:48:21', '2023-02-19 19:48:21', 0);
INSERT INTO `chengshi` VALUES (48, '本溪', 43, 5, '2023-02-19 19:48:21', '2023-02-19 19:48:21', 0);
INSERT INTO `chengshi` VALUES (49, '丹东', 43, 6, '2023-02-19 19:48:21', '2023-02-19 19:48:21', 0);
INSERT INTO `chengshi` VALUES (50, '锦州', 43, 7, '2023-02-19 19:48:21', '2023-02-19 19:48:21', 0);
INSERT INTO `chengshi` VALUES (51, '营口', 43, 8, '2023-02-19 19:48:21', '2023-02-19 19:48:21', 0);
INSERT INTO `chengshi` VALUES (52, '阜新', 43, 9, '2023-02-19 19:48:21', '2023-02-19 19:48:21', 0);
INSERT INTO `chengshi` VALUES (53, '辽阳', 43, 10, '2023-02-19 19:48:21', '2023-02-19 19:48:21', 0);
INSERT INTO `chengshi` VALUES (54, '盘锦', 43, 11, '2023-02-19 19:48:21', '2023-02-19 19:48:21', 0);
INSERT INTO `chengshi` VALUES (55, '铁岭', 43, 12, '2023-02-19 19:48:21', '2023-02-19 19:48:21', 0);
INSERT INTO `chengshi` VALUES (56, '朝阳', 43, 13, '2023-02-19 19:48:21', '2023-02-19 19:48:21', 0);
INSERT INTO `chengshi` VALUES (57, '葫芦岛', 43, 14, '2023-02-19 19:48:21', '2023-02-19 19:48:21', 0);
INSERT INTO `chengshi` VALUES (58, '吉林省', 0, 6, '2023-02-19 19:48:21', '2023-02-19 19:48:21', 0);
INSERT INTO `chengshi` VALUES (59, '长春', 58, 1, '2023-02-19 19:48:21', '2023-02-19 19:48:21', 0);
INSERT INTO `chengshi` VALUES (60, '吉林', 58, 2, '2023-02-19 19:48:21', '2023-02-19 19:48:21', 0);
INSERT INTO `chengshi` VALUES (61, '四平', 58, 3, '2023-02-19 19:48:21', '2023-02-19 19:48:21', 0);
INSERT INTO `chengshi` VALUES (62, '辽源', 58, 4, '2023-02-19 19:48:21', '2023-02-19 19:48:21', 0);
INSERT INTO `chengshi` VALUES (63, '通化', 58, 5, '2023-02-19 19:48:21', '2023-02-19 19:48:21', 0);
INSERT INTO `chengshi` VALUES (64, '白山', 58, 6, '2023-02-19 19:48:21', '2023-02-19 19:48:21', 0);
INSERT INTO `chengshi` VALUES (65, '松原', 58, 7, '2023-02-19 19:48:21', '2023-02-19 19:48:21', 0);
INSERT INTO `chengshi` VALUES (66, '白城', 58, 8, '2023-02-19 19:48:21', '2023-02-19 19:48:21', 0);
INSERT INTO `chengshi` VALUES (67, '延边', 58, 9, '2023-02-19 19:48:21', '2023-02-19 19:48:21', 0);
INSERT INTO `chengshi` VALUES (68, '黑龙江省', 0, 7, '2023-02-19 19:48:21', '2023-02-19 19:48:21', 0);
INSERT INTO `chengshi` VALUES (69, '哈尔滨', 68, 1, '2023-02-19 19:48:21', '2023-02-19 19:48:21', 0);
INSERT INTO `chengshi` VALUES (70, '齐齐哈尔', 68, 2, '2023-02-19 19:48:21', '2023-02-19 19:48:21', 0);
INSERT INTO `chengshi` VALUES (71, '鸡西', 68, 3, '2023-02-19 19:48:21', '2023-02-19 19:48:21', 0);
INSERT INTO `chengshi` VALUES (72, '鹤岗', 68, 4, '2023-02-19 19:48:21', '2023-02-19 19:48:21', 0);
INSERT INTO `chengshi` VALUES (73, '双鸭山', 68, 5, '2023-02-19 19:48:21', '2023-02-19 19:48:21', 0);
INSERT INTO `chengshi` VALUES (74, '大庆', 68, 6, '2023-02-19 19:48:21', '2023-02-19 19:48:21', 0);
INSERT INTO `chengshi` VALUES (75, '伊春', 68, 7, '2023-02-19 19:48:21', '2023-02-19 19:48:21', 0);
INSERT INTO `chengshi` VALUES (76, '佳木斯', 68, 8, '2023-02-19 19:48:21', '2023-02-19 19:48:21', 0);
INSERT INTO `chengshi` VALUES (77, '七台河', 68, 9, '2023-02-19 19:48:21', '2023-02-19 19:48:21', 0);
INSERT INTO `chengshi` VALUES (78, '牡丹江', 68, 10, '2023-02-19 19:48:21', '2023-02-19 19:48:21', 0);
INSERT INTO `chengshi` VALUES (79, '黑河', 68, 11, '2023-02-19 19:48:21', '2023-02-19 19:48:21', 0);
INSERT INTO `chengshi` VALUES (80, '绥化', 68, 12, '2023-02-19 19:48:21', '2023-02-19 19:48:21', 0);
INSERT INTO `chengshi` VALUES (81, '大兴安岭', 68, 13, '2023-02-19 19:48:21', '2023-02-19 19:48:21', 0);
INSERT INTO `chengshi` VALUES (82, '江苏省', 0, 8, '2023-02-19 19:48:21', '2023-02-19 19:48:21', 0);
INSERT INTO `chengshi` VALUES (83, '南京', 82, 1, '2023-02-19 19:48:21', '2023-02-19 19:48:21', 0);
INSERT INTO `chengshi` VALUES (84, '无锡', 82, 2, '2023-02-19 19:48:21', '2023-02-19 19:48:21', 0);
INSERT INTO `chengshi` VALUES (85, '徐州', 82, 3, '2023-02-19 19:48:21', '2023-02-19 19:48:21', 0);
INSERT INTO `chengshi` VALUES (86, '常州', 82, 4, '2023-02-19 19:48:21', '2023-02-19 19:48:21', 0);
INSERT INTO `chengshi` VALUES (87, '苏州', 82, 5, '2023-02-19 19:48:21', '2023-02-19 19:48:21', 0);
INSERT INTO `chengshi` VALUES (88, '南通', 82, 6, '2023-02-19 19:48:21', '2023-02-19 19:48:21', 0);
INSERT INTO `chengshi` VALUES (89, '连云港', 82, 7, '2023-02-19 19:48:21', '2023-02-19 19:48:21', 0);
INSERT INTO `chengshi` VALUES (90, '淮安', 82, 8, '2023-02-19 19:48:21', '2023-02-19 19:48:21', 0);
INSERT INTO `chengshi` VALUES (91, '盐城', 82, 9, '2023-02-19 19:48:21', '2023-02-19 19:48:21', 0);
INSERT INTO `chengshi` VALUES (92, '扬州', 82, 10, '2023-02-19 19:48:21', '2023-02-19 19:48:21', 0);
INSERT INTO `chengshi` VALUES (93, '镇江', 82, 11, '2023-02-19 19:48:21', '2023-02-19 19:48:21', 0);
INSERT INTO `chengshi` VALUES (94, '泰州', 82, 12, '2023-02-19 19:48:21', '2023-02-19 19:48:21', 0);
INSERT INTO `chengshi` VALUES (95, '宿迁', 82, 13, '2023-02-19 19:48:21', '2023-02-19 19:48:21', 0);
INSERT INTO `chengshi` VALUES (96, '浙江省', 0, 9, '2023-02-19 19:48:21', '2023-02-19 19:48:21', 0);
INSERT INTO `chengshi` VALUES (97, '杭州', 96, 1, '2023-02-19 19:48:21', '2023-02-19 19:48:21', 0);
INSERT INTO `chengshi` VALUES (98, '宁波', 96, 2, '2023-02-19 19:48:21', '2023-02-19 19:48:21', 0);
INSERT INTO `chengshi` VALUES (99, '温州', 96, 3, '2023-02-19 19:48:21', '2023-02-19 19:48:21', 0);
INSERT INTO `chengshi` VALUES (100, '嘉兴', 96, 4, '2023-02-19 19:48:21', '2023-02-19 19:48:21', 0);
INSERT INTO `chengshi` VALUES (101, '湖州', 96, 5, '2023-02-19 19:48:21', '2023-02-19 19:48:21', 0);
INSERT INTO `chengshi` VALUES (102, '绍兴', 96, 6, '2023-02-19 19:48:21', '2023-02-19 19:48:21', 0);
INSERT INTO `chengshi` VALUES (103, '金华', 96, 7, '2023-02-19 19:48:21', '2023-02-19 19:48:21', 0);
INSERT INTO `chengshi` VALUES (104, '衢州', 96, 8, '2023-02-19 19:48:21', '2023-02-19 19:48:21', 0);
INSERT INTO `chengshi` VALUES (105, '舟山', 96, 9, '2023-02-19 19:48:21', '2023-02-19 19:48:21', 0);
INSERT INTO `chengshi` VALUES (106, '台州', 96, 10, '2023-02-19 19:48:21', '2023-02-19 19:48:21', 0);
INSERT INTO `chengshi` VALUES (107, '丽水', 96, 11, '2023-02-19 19:48:21', '2023-02-19 19:48:21', 0);
INSERT INTO `chengshi` VALUES (108, '安徽省', 0, 10, '2023-02-19 19:48:21', '2023-02-19 19:48:21', 0);
INSERT INTO `chengshi` VALUES (109, '合肥', 108, 1, '2023-02-19 19:48:21', '2023-02-19 19:48:21', 0);
INSERT INTO `chengshi` VALUES (110, '芜湖', 108, 2, '2023-02-19 19:48:21', '2023-02-19 19:48:21', 0);
INSERT INTO `chengshi` VALUES (111, '蚌埠', 108, 3, '2023-02-19 19:48:21', '2023-02-19 19:48:21', 0);
INSERT INTO `chengshi` VALUES (112, '淮南', 108, 4, '2023-02-19 19:48:21', '2023-02-19 19:48:21', 0);
INSERT INTO `chengshi` VALUES (113, '马鞍山', 108, 5, '2023-02-19 19:48:21', '2023-02-19 19:48:21', 0);
INSERT INTO `chengshi` VALUES (114, '淮北', 108, 6, '2023-02-19 19:48:21', '2023-02-19 19:48:21', 0);
INSERT INTO `chengshi` VALUES (115, '铜陵', 108, 7, '2023-02-19 19:48:21', '2023-02-19 19:48:21', 0);
INSERT INTO `chengshi` VALUES (116, '安庆', 108, 8, '2023-02-19 19:48:21', '2023-02-19 19:48:21', 0);
INSERT INTO `chengshi` VALUES (117, '黄山', 108, 9, '2023-02-19 19:48:21', '2023-02-19 19:48:21', 0);
INSERT INTO `chengshi` VALUES (118, '滁州', 108, 10, '2023-02-19 19:48:21', '2023-02-19 19:48:21', 0);
INSERT INTO `chengshi` VALUES (119, '阜阳', 108, 11, '2023-02-19 19:48:21', '2023-02-19 19:48:21', 0);
INSERT INTO `chengshi` VALUES (120, '宿州', 108, 12, '2023-02-19 19:48:21', '2023-02-19 19:48:21', 0);
INSERT INTO `chengshi` VALUES (121, '巢湖', 108, 13, '2023-02-19 19:48:21', '2023-02-19 19:48:21', 0);
INSERT INTO `chengshi` VALUES (122, '六安', 108, 14, '2023-02-19 19:48:21', '2023-02-19 19:48:21', 0);
INSERT INTO `chengshi` VALUES (123, '亳州', 108, 15, '2023-02-19 19:48:21', '2023-02-19 19:48:21', 0);
INSERT INTO `chengshi` VALUES (124, '池州', 108, 16, '2023-02-19 19:48:21', '2023-02-19 19:48:21', 0);
INSERT INTO `chengshi` VALUES (125, '宣城', 108, 17, '2023-02-19 19:48:21', '2023-02-19 19:48:21', 0);
INSERT INTO `chengshi` VALUES (126, '福建省', 0, 11, '2023-02-19 19:48:21', '2023-02-19 19:48:21', 0);
INSERT INTO `chengshi` VALUES (127, '福州', 126, 1, '2023-02-19 19:48:21', '2023-02-19 19:48:21', 0);
INSERT INTO `chengshi` VALUES (128, '厦门', 126, 2, '2023-02-19 19:48:21', '2023-02-19 19:48:21', 0);
INSERT INTO `chengshi` VALUES (129, '莆田', 126, 3, '2023-02-19 19:48:21', '2023-02-19 19:48:21', 0);
INSERT INTO `chengshi` VALUES (131, '三明', 126, 4, '2023-02-19 19:48:21', '2023-03-01 21:13:35', 0);
INSERT INTO `chengshi` VALUES (132, '泉州', 126, 5, '2023-02-19 19:48:21', '2023-03-01 21:13:35', 0);
INSERT INTO `chengshi` VALUES (133, '漳州', 126, 6, '2023-02-19 19:48:21', '2023-03-01 21:13:35', 0);
INSERT INTO `chengshi` VALUES (134, '南平', 126, 7, '2023-02-19 19:48:21', '2023-03-01 21:13:35', 0);
INSERT INTO `chengshi` VALUES (135, '龙岩', 126, 8, '2023-02-19 19:48:21', '2023-03-01 21:13:35', 0);
INSERT INTO `chengshi` VALUES (136, '宁德', 126, 9, '2023-02-19 19:48:21', '2023-03-01 21:13:35', 0);
INSERT INTO `chengshi` VALUES (137, '江西省', 0, 12, '2023-02-19 19:48:21', '2023-02-19 19:48:21', 0);
INSERT INTO `chengshi` VALUES (138, '南昌', 137, 1, '2023-02-19 19:48:21', '2023-02-19 19:48:21', 0);
INSERT INTO `chengshi` VALUES (139, '赣州', 137, 2, '2023-02-19 19:48:21', '2023-02-19 19:48:21', 0);
INSERT INTO `chengshi` VALUES (140, '景德镇', 137, 3, '2023-02-19 19:48:21', '2023-02-19 19:48:21', 0);
INSERT INTO `chengshi` VALUES (141, '萍乡', 137, 4, '2023-02-19 19:48:21', '2023-02-19 19:48:21', 0);
INSERT INTO `chengshi` VALUES (142, '新余', 137, 5, '2023-02-19 19:48:21', '2023-02-19 19:48:21', 0);
INSERT INTO `chengshi` VALUES (143, '九江', 137, 6, '2023-02-19 19:48:22', '2023-02-19 19:48:22', 0);
INSERT INTO `chengshi` VALUES (144, '鹰潭', 137, 7, '2023-02-19 19:48:22', '2023-02-19 19:48:22', 0);
INSERT INTO `chengshi` VALUES (145, '吉安', 137, 8, '2023-02-19 19:48:22', '2023-02-19 19:48:22', 0);
INSERT INTO `chengshi` VALUES (146, '宜春', 137, 9, '2023-02-19 19:48:22', '2023-02-19 19:48:22', 0);
INSERT INTO `chengshi` VALUES (147, '抚州', 137, 10, '2023-02-19 19:48:22', '2023-02-19 19:48:22', 0);
INSERT INTO `chengshi` VALUES (148, '上饶', 137, 11, '2023-02-19 19:48:22', '2023-02-19 19:48:22', 0);
INSERT INTO `chengshi` VALUES (149, '山东省', 0, 13, '2023-02-19 19:48:22', '2023-02-19 19:48:22', 0);
INSERT INTO `chengshi` VALUES (150, '济南', 149, 1, '2023-02-19 19:48:22', '2023-02-19 19:48:22', 0);
INSERT INTO `chengshi` VALUES (151, '青岛', 149, 2, '2023-02-19 19:48:22', '2023-02-19 19:48:22', 0);
INSERT INTO `chengshi` VALUES (152, '淄博', 149, 3, '2023-02-19 19:48:22', '2023-02-19 19:48:22', 0);
INSERT INTO `chengshi` VALUES (153, '枣庄', 149, 4, '2023-02-19 19:48:22', '2023-02-19 19:48:22', 0);
INSERT INTO `chengshi` VALUES (154, '东营', 149, 5, '2023-02-19 19:48:22', '2023-02-19 19:48:22', 0);
INSERT INTO `chengshi` VALUES (155, '烟台', 149, 6, '2023-02-19 19:48:22', '2023-02-19 19:48:22', 0);
INSERT INTO `chengshi` VALUES (156, '潍坊', 149, 7, '2023-02-19 19:48:22', '2023-02-19 19:48:22', 0);
INSERT INTO `chengshi` VALUES (157, '威海', 149, 8, '2023-02-19 19:48:22', '2023-02-19 19:48:22', 0);
INSERT INTO `chengshi` VALUES (158, '济宁', 149, 9, '2023-02-19 19:48:22', '2023-02-19 19:48:22', 0);
INSERT INTO `chengshi` VALUES (159, '泰安', 149, 10, '2023-02-19 19:48:22', '2023-02-19 19:48:22', 0);
INSERT INTO `chengshi` VALUES (160, '日照', 149, 11, '2023-02-19 19:48:22', '2023-02-19 19:48:22', 0);
INSERT INTO `chengshi` VALUES (161, '莱芜', 149, 12, '2023-02-19 19:48:22', '2023-02-19 19:48:22', 0);
INSERT INTO `chengshi` VALUES (162, '临沂', 149, 13, '2023-02-19 19:48:22', '2023-02-19 19:48:22', 0);
INSERT INTO `chengshi` VALUES (163, '德州', 149, 14, '2023-02-19 19:48:22', '2023-02-19 19:48:22', 0);
INSERT INTO `chengshi` VALUES (164, '聊城', 149, 15, '2023-02-19 19:48:22', '2023-02-19 19:48:22', 0);
INSERT INTO `chengshi` VALUES (165, '滨州', 149, 16, '2023-02-19 19:48:22', '2023-02-19 19:48:22', 0);
INSERT INTO `chengshi` VALUES (166, '菏泽', 149, 17, '2023-02-19 19:48:22', '2023-02-19 19:48:22', 0);
INSERT INTO `chengshi` VALUES (167, '河南省', 0, 14, '2023-02-19 19:48:22', '2023-02-19 19:48:22', 0);
INSERT INTO `chengshi` VALUES (168, '郑州', 167, 1, '2023-02-19 19:48:22', '2023-02-19 19:48:22', 0);
INSERT INTO `chengshi` VALUES (169, '开封', 167, 2, '2023-02-19 19:48:22', '2023-02-19 19:48:22', 0);
INSERT INTO `chengshi` VALUES (170, '洛阳', 167, 3, '2023-02-19 19:48:22', '2023-02-19 19:48:22', 0);
INSERT INTO `chengshi` VALUES (171, '平顶山', 167, 4, '2023-02-19 19:48:22', '2023-02-19 19:48:22', 0);
INSERT INTO `chengshi` VALUES (172, '焦作', 167, 5, '2023-02-19 19:48:22', '2023-02-19 19:48:22', 0);
INSERT INTO `chengshi` VALUES (173, '鹤壁', 167, 6, '2023-02-19 19:48:22', '2023-02-19 19:48:22', 0);
INSERT INTO `chengshi` VALUES (174, '新乡', 167, 7, '2023-02-19 19:48:22', '2023-02-19 19:48:22', 0);
INSERT INTO `chengshi` VALUES (175, '安阳', 167, 8, '2023-02-19 19:48:22', '2023-02-19 19:48:22', 0);
INSERT INTO `chengshi` VALUES (176, '濮阳', 167, 9, '2023-02-19 19:48:22', '2023-02-19 19:48:22', 0);
INSERT INTO `chengshi` VALUES (177, '许昌', 167, 10, '2023-02-19 19:48:22', '2023-02-19 19:48:22', 0);
INSERT INTO `chengshi` VALUES (178, '漯河', 167, 11, '2023-02-19 19:48:22', '2023-02-19 19:48:22', 0);
INSERT INTO `chengshi` VALUES (179, '三门峡', 167, 12, '2023-02-19 19:48:22', '2023-02-19 19:48:22', 0);
INSERT INTO `chengshi` VALUES (180, '南阳', 167, 13, '2023-02-19 19:48:22', '2023-02-19 19:48:22', 0);
INSERT INTO `chengshi` VALUES (181, '商丘', 167, 14, '2023-02-19 19:48:22', '2023-02-19 19:48:22', 0);
INSERT INTO `chengshi` VALUES (182, '信阳', 167, 15, '2023-02-19 19:48:22', '2023-02-19 19:48:22', 0);
INSERT INTO `chengshi` VALUES (183, '周口', 167, 16, '2023-02-19 19:48:22', '2023-02-19 19:48:22', 0);
INSERT INTO `chengshi` VALUES (184, '驻马店', 167, 17, '2023-02-19 19:48:22', '2023-02-19 19:48:22', 0);
INSERT INTO `chengshi` VALUES (185, '湖北省', 0, 15, '2023-02-19 19:48:22', '2023-02-19 19:48:22', 0);
INSERT INTO `chengshi` VALUES (186, '武汉', 185, 1, '2023-02-19 19:48:22', '2023-02-19 19:48:22', 0);
INSERT INTO `chengshi` VALUES (187, '黄石', 185, 2, '2023-02-19 19:48:22', '2023-02-19 19:48:22', 0);
INSERT INTO `chengshi` VALUES (188, '襄樊', 185, 3, '2023-02-19 19:48:22', '2023-02-19 19:48:22', 0);
INSERT INTO `chengshi` VALUES (189, '十堰', 185, 4, '2023-02-19 19:48:22', '2023-02-19 19:48:22', 0);
INSERT INTO `chengshi` VALUES (190, '荆州', 185, 5, '2023-02-19 19:48:22', '2023-02-19 19:48:22', 0);
INSERT INTO `chengshi` VALUES (191, '宜昌', 185, 6, '2023-02-19 19:48:22', '2023-02-19 19:48:22', 0);
INSERT INTO `chengshi` VALUES (192, '荆门', 185, 7, '2023-02-19 19:48:22', '2023-02-19 19:48:22', 0);
INSERT INTO `chengshi` VALUES (193, '鄂州', 185, 8, '2023-02-19 19:48:22', '2023-02-19 19:48:22', 0);
INSERT INTO `chengshi` VALUES (194, '孝感', 185, 9, '2023-02-19 19:48:22', '2023-02-19 19:48:22', 0);
INSERT INTO `chengshi` VALUES (195, '黄冈', 185, 10, '2023-02-19 19:48:22', '2023-02-19 19:48:22', 0);
INSERT INTO `chengshi` VALUES (196, '咸宁', 185, 11, '2023-02-19 19:48:22', '2023-02-19 19:48:22', 0);
INSERT INTO `chengshi` VALUES (197, '随州', 185, 12, '2023-02-19 19:48:22', '2023-02-19 19:48:22', 0);
INSERT INTO `chengshi` VALUES (198, '恩施', 185, 13, '2023-02-19 19:48:22', '2023-02-19 19:48:22', 0);
INSERT INTO `chengshi` VALUES (199, '湖南省', 0, 16, '2023-02-19 19:48:22', '2023-02-19 19:48:22', 0);
INSERT INTO `chengshi` VALUES (200, '长沙', 199, 1, '2023-02-19 19:48:22', '2023-02-19 19:48:22', 0);
INSERT INTO `chengshi` VALUES (201, '株洲', 199, 2, '2023-02-19 19:48:22', '2023-02-19 19:48:22', 0);
INSERT INTO `chengshi` VALUES (202, '湘潭', 199, 3, '2023-02-19 19:48:22', '2023-02-19 19:48:22', 0);
INSERT INTO `chengshi` VALUES (203, '衡阳', 199, 4, '2023-02-19 19:48:22', '2023-02-19 19:48:22', 0);
INSERT INTO `chengshi` VALUES (204, '邵阳', 199, 5, '2023-02-19 19:48:22', '2023-02-19 19:48:22', 0);
INSERT INTO `chengshi` VALUES (205, '岳阳', 199, 6, '2023-02-19 19:48:22', '2023-02-19 19:48:22', 0);
INSERT INTO `chengshi` VALUES (206, '常德', 199, 7, '2023-02-19 19:48:22', '2023-02-19 19:48:22', 0);
INSERT INTO `chengshi` VALUES (207, '张家界', 199, 8, '2023-02-19 19:48:22', '2023-02-19 19:48:22', 0);
INSERT INTO `chengshi` VALUES (208, '益阳', 199, 9, '2023-02-19 19:48:22', '2023-02-19 19:48:22', 0);
INSERT INTO `chengshi` VALUES (209, '郴州', 199, 10, '2023-02-19 19:48:22', '2023-02-19 19:48:22', 0);
INSERT INTO `chengshi` VALUES (210, '永州', 199, 11, '2023-02-19 19:48:22', '2023-02-19 19:48:22', 0);
INSERT INTO `chengshi` VALUES (211, '怀化', 199, 12, '2023-02-19 19:48:22', '2023-02-19 19:48:22', 0);
INSERT INTO `chengshi` VALUES (212, '娄底', 199, 13, '2023-02-19 19:48:22', '2023-02-19 19:48:22', 0);
INSERT INTO `chengshi` VALUES (213, '湘西', 199, 14, '2023-02-19 19:48:22', '2023-02-19 19:48:22', 0);
INSERT INTO `chengshi` VALUES (214, '广东省', 0, 17, '2023-02-19 19:48:22', '2023-02-19 19:48:22', 0);
INSERT INTO `chengshi` VALUES (215, '广州', 214, 1, '2023-02-19 19:48:22', '2023-02-19 19:48:22', 0);
INSERT INTO `chengshi` VALUES (216, '深圳', 214, 2, '2023-02-19 19:48:22', '2023-02-19 19:48:22', 0);
INSERT INTO `chengshi` VALUES (217, '珠海', 214, 3, '2023-02-19 19:48:22', '2023-02-19 19:48:22', 0);
INSERT INTO `chengshi` VALUES (218, '汕头', 214, 4, '2023-02-19 19:48:22', '2023-02-19 19:48:22', 0);
INSERT INTO `chengshi` VALUES (219, '韶关', 214, 5, '2023-02-19 19:48:22', '2023-02-19 19:48:22', 0);
INSERT INTO `chengshi` VALUES (220, '佛山', 214, 6, '2023-02-19 19:48:22', '2023-02-19 19:48:22', 0);
INSERT INTO `chengshi` VALUES (221, '江门', 214, 7, '2023-02-19 19:48:22', '2023-02-19 19:48:22', 0);
INSERT INTO `chengshi` VALUES (222, '湛江', 214, 8, '2023-02-19 19:48:22', '2023-02-19 19:48:22', 0);
INSERT INTO `chengshi` VALUES (223, '茂名', 214, 9, '2023-02-19 19:48:22', '2023-02-19 19:48:22', 0);
INSERT INTO `chengshi` VALUES (224, '肇庆', 214, 10, '2023-02-19 19:48:22', '2023-02-19 19:48:22', 0);
INSERT INTO `chengshi` VALUES (225, '惠州', 214, 11, '2023-02-19 19:48:22', '2023-02-19 19:48:22', 0);
INSERT INTO `chengshi` VALUES (226, '梅州', 214, 12, '2023-02-19 19:48:22', '2023-02-19 19:48:22', 0);
INSERT INTO `chengshi` VALUES (227, '汕尾', 214, 13, '2023-02-19 19:48:22', '2023-02-19 19:48:22', 0);
INSERT INTO `chengshi` VALUES (228, '河源', 214, 14, '2023-02-19 19:48:22', '2023-02-19 19:48:22', 0);
INSERT INTO `chengshi` VALUES (229, '阳江', 214, 15, '2023-02-19 19:48:22', '2023-02-19 19:48:22', 0);
INSERT INTO `chengshi` VALUES (230, '清远', 214, 16, '2023-02-19 19:48:22', '2023-02-19 19:48:22', 0);
INSERT INTO `chengshi` VALUES (231, '东莞', 214, 17, '2023-02-19 19:48:22', '2023-02-19 19:48:22', 0);
INSERT INTO `chengshi` VALUES (232, '中山', 214, 18, '2023-02-19 19:48:22', '2023-02-19 19:48:22', 0);
INSERT INTO `chengshi` VALUES (233, '潮州', 214, 19, '2023-02-19 19:48:22', '2023-02-19 19:48:22', 0);
INSERT INTO `chengshi` VALUES (234, '揭阳', 214, 20, '2023-02-19 19:48:22', '2023-02-19 19:48:22', 0);
INSERT INTO `chengshi` VALUES (235, '云浮', 214, 21, '2023-02-19 19:48:22', '2023-02-19 19:48:22', 0);
INSERT INTO `chengshi` VALUES (236, '广西省', 0, 18, '2023-02-19 19:48:22', '2023-02-19 19:48:22', 0);
INSERT INTO `chengshi` VALUES (237, '南宁', 236, 1, '2023-02-19 19:48:22', '2023-02-19 19:48:22', 0);
INSERT INTO `chengshi` VALUES (238, '柳州', 236, 2, '2023-02-19 19:48:22', '2023-02-19 19:48:22', 0);
INSERT INTO `chengshi` VALUES (239, '桂林', 236, 3, '2023-02-19 19:48:22', '2023-02-19 19:48:22', 0);
INSERT INTO `chengshi` VALUES (240, '梧州', 236, 4, '2023-02-19 19:48:22', '2023-02-19 19:48:22', 0);
INSERT INTO `chengshi` VALUES (241, '北海', 236, 5, '2023-02-19 19:48:22', '2023-02-19 19:48:22', 0);
INSERT INTO `chengshi` VALUES (242, '防城港', 236, 6, '2023-02-19 19:48:22', '2023-02-19 19:48:22', 0);
INSERT INTO `chengshi` VALUES (243, '钦州', 236, 7, '2023-02-19 19:48:22', '2023-02-19 19:48:22', 0);
INSERT INTO `chengshi` VALUES (244, '贵港', 236, 8, '2023-02-19 19:48:22', '2023-02-19 19:48:22', 0);
INSERT INTO `chengshi` VALUES (245, '玉林', 236, 9, '2023-02-19 19:48:22', '2023-02-19 19:48:22', 0);
INSERT INTO `chengshi` VALUES (246, '百色', 236, 10, '2023-02-19 19:48:22', '2023-02-19 19:48:22', 0);
INSERT INTO `chengshi` VALUES (247, '贺州', 236, 11, '2023-02-19 19:48:22', '2023-02-19 19:48:22', 0);
INSERT INTO `chengshi` VALUES (248, '河池', 236, 12, '2023-02-19 19:48:22', '2023-02-19 19:48:22', 0);
INSERT INTO `chengshi` VALUES (249, '来宾', 236, 13, '2023-02-19 19:48:22', '2023-02-19 19:48:22', 0);
INSERT INTO `chengshi` VALUES (250, '崇左', 236, 14, '2023-02-19 19:48:22', '2023-02-19 19:48:22', 0);
INSERT INTO `chengshi` VALUES (251, '海南省', 0, 19, '2023-02-19 19:48:22', '2023-02-19 19:48:22', 0);
INSERT INTO `chengshi` VALUES (252, '海口', 251, 1, '2023-02-19 19:48:22', '2023-02-19 19:48:22', 0);
INSERT INTO `chengshi` VALUES (253, '三亚', 251, 2, '2023-02-19 19:48:22', '2023-02-19 19:48:22', 0);
INSERT INTO `chengshi` VALUES (254, '琼海', 251, 3, '2023-02-19 19:48:22', '2023-02-19 19:48:22', 0);
INSERT INTO `chengshi` VALUES (255, '万宁', 251, 4, '2023-02-19 19:48:22', '2023-02-19 19:48:22', 0);
INSERT INTO `chengshi` VALUES (256, '东方', 251, 5, '2023-02-19 19:48:22', '2023-02-19 19:48:22', 0);
INSERT INTO `chengshi` VALUES (257, '三沙', 251, 6, '2023-02-19 19:48:22', '2023-02-19 19:48:22', 0);
INSERT INTO `chengshi` VALUES (258, '儋州', 251, 7, '2023-02-19 19:48:22', '2023-02-19 19:48:22', 0);
INSERT INTO `chengshi` VALUES (259, '五指山', 251, 8, '2023-02-19 19:48:22', '2023-02-19 19:48:22', 0);
INSERT INTO `chengshi` VALUES (260, '文昌', 251, 9, '2023-02-19 19:48:22', '2023-02-19 19:48:22', 0);
INSERT INTO `chengshi` VALUES (261, '四川省', 0, 20, '2023-02-19 19:48:22', '2023-02-19 19:48:22', 0);
INSERT INTO `chengshi` VALUES (262, '成都', 261, 1, '2023-02-19 19:48:22', '2023-02-19 19:48:22', 0);
INSERT INTO `chengshi` VALUES (263, '自贡', 261, 2, '2023-02-19 19:48:22', '2023-02-19 19:48:22', 0);
INSERT INTO `chengshi` VALUES (264, '攀枝花', 261, 3, '2023-02-19 19:48:22', '2023-02-19 19:48:22', 0);
INSERT INTO `chengshi` VALUES (265, '泸州', 261, 4, '2023-02-19 19:48:22', '2023-02-19 19:48:22', 0);
INSERT INTO `chengshi` VALUES (266, '德阳', 261, 5, '2023-02-19 19:48:22', '2023-02-19 19:48:22', 0);
INSERT INTO `chengshi` VALUES (267, '绵阳', 261, 6, '2023-02-19 19:48:22', '2023-02-19 19:48:22', 0);
INSERT INTO `chengshi` VALUES (268, '广元', 261, 7, '2023-02-19 19:48:22', '2023-02-19 19:48:22', 0);
INSERT INTO `chengshi` VALUES (269, '遂宁', 261, 8, '2023-02-19 19:48:22', '2023-02-19 19:48:22', 0);
INSERT INTO `chengshi` VALUES (270, '内江', 261, 9, '2023-02-19 19:48:22', '2023-02-19 19:48:22', 0);
INSERT INTO `chengshi` VALUES (271, '乐山', 261, 10, '2023-02-19 19:48:22', '2023-02-19 19:48:22', 0);
INSERT INTO `chengshi` VALUES (272, '南充', 261, 11, '2023-02-19 19:48:22', '2023-02-19 19:48:22', 0);
INSERT INTO `chengshi` VALUES (273, '宜宾', 261, 12, '2023-02-19 19:48:22', '2023-02-19 19:48:22', 0);
INSERT INTO `chengshi` VALUES (274, '广安', 261, 13, '2023-02-19 19:48:22', '2023-02-19 19:48:22', 0);
INSERT INTO `chengshi` VALUES (275, '达州', 261, 14, '2023-02-19 19:48:22', '2023-02-19 19:48:22', 0);
INSERT INTO `chengshi` VALUES (276, '眉山', 261, 15, '2023-02-19 19:48:22', '2023-02-19 19:48:22', 0);
INSERT INTO `chengshi` VALUES (277, '雅安', 261, 16, '2023-02-19 19:48:22', '2023-02-19 19:48:22', 0);
INSERT INTO `chengshi` VALUES (278, '巴中', 261, 17, '2023-02-19 19:48:22', '2023-02-19 19:48:22', 0);
INSERT INTO `chengshi` VALUES (279, '资阳', 261, 18, '2023-02-19 19:48:22', '2023-02-19 19:48:22', 0);
INSERT INTO `chengshi` VALUES (280, '阿坝', 261, 19, '2023-02-19 19:48:22', '2023-02-19 19:48:22', 0);
INSERT INTO `chengshi` VALUES (281, '甘孜', 261, 20, '2023-02-19 19:48:22', '2023-02-19 19:48:22', 0);
INSERT INTO `chengshi` VALUES (282, '凉山', 261, 21, '2023-02-19 19:48:22', '2023-02-19 19:48:22', 0);
INSERT INTO `chengshi` VALUES (283, '贵州省', 0, 21, '2023-02-19 19:48:22', '2023-02-19 19:48:22', 0);
INSERT INTO `chengshi` VALUES (284, '贵阳', 283, 1, '2023-02-19 19:48:22', '2023-02-19 19:48:22', 0);
INSERT INTO `chengshi` VALUES (285, '六盘水', 283, 2, '2023-02-19 19:48:22', '2023-02-19 19:48:22', 0);
INSERT INTO `chengshi` VALUES (286, '遵义', 283, 3, '2023-02-19 19:48:22', '2023-02-19 19:48:22', 0);
INSERT INTO `chengshi` VALUES (287, '安顺', 283, 4, '2023-02-19 19:48:22', '2023-02-19 19:48:22', 0);
INSERT INTO `chengshi` VALUES (288, '铜仁', 283, 5, '2023-02-19 19:48:22', '2023-02-19 19:48:22', 0);
INSERT INTO `chengshi` VALUES (289, '毕节', 283, 6, '2023-02-19 19:48:22', '2023-02-19 19:48:22', 0);
INSERT INTO `chengshi` VALUES (290, '黔西南', 283, 7, '2023-02-19 19:48:22', '2023-02-19 19:48:22', 0);
INSERT INTO `chengshi` VALUES (291, '黔东南', 283, 8, '2023-02-19 19:48:22', '2023-02-19 19:48:22', 0);
INSERT INTO `chengshi` VALUES (292, '黔南', 283, 9, '2023-02-19 19:48:22', '2023-02-19 19:48:22', 0);
INSERT INTO `chengshi` VALUES (293, '云南省', 0, 22, '2023-02-19 19:48:22', '2023-02-19 19:48:22', 0);
INSERT INTO `chengshi` VALUES (294, '昆明', 293, 1, '2023-02-19 19:48:22', '2023-02-19 19:48:22', 0);
INSERT INTO `chengshi` VALUES (295, '曲靖', 293, 2, '2023-02-19 19:48:22', '2023-02-19 19:48:22', 0);
INSERT INTO `chengshi` VALUES (296, '玉溪', 293, 3, '2023-02-19 19:48:22', '2023-02-19 19:48:22', 0);
INSERT INTO `chengshi` VALUES (297, '保山', 293, 4, '2023-02-19 19:48:22', '2023-02-19 19:48:22', 0);
INSERT INTO `chengshi` VALUES (298, '昭通', 293, 5, '2023-02-19 19:48:22', '2023-02-19 19:48:22', 0);
INSERT INTO `chengshi` VALUES (299, '丽江', 293, 6, '2023-02-19 19:48:22', '2023-02-19 19:48:22', 0);
INSERT INTO `chengshi` VALUES (300, '普洱', 293, 7, '2023-02-19 19:48:22', '2023-02-19 19:48:22', 0);
INSERT INTO `chengshi` VALUES (301, '临沧', 293, 8, '2023-02-19 19:48:22', '2023-02-19 19:48:22', 0);
INSERT INTO `chengshi` VALUES (302, '文山', 293, 9, '2023-02-19 19:48:22', '2023-02-19 19:48:22', 0);
INSERT INTO `chengshi` VALUES (303, '红河', 293, 10, '2023-02-19 19:48:22', '2023-02-19 19:48:22', 0);
INSERT INTO `chengshi` VALUES (304, '西双版纳', 293, 11, '2023-02-19 19:48:22', '2023-02-19 19:48:22', 0);
INSERT INTO `chengshi` VALUES (305, '楚雄', 293, 12, '2023-02-19 19:48:22', '2023-02-19 19:48:22', 0);
INSERT INTO `chengshi` VALUES (306, '大理', 293, 13, '2023-02-19 19:48:22', '2023-02-19 19:48:22', 0);
INSERT INTO `chengshi` VALUES (307, '德宏', 293, 14, '2023-02-19 19:48:22', '2023-02-19 19:48:22', 0);
INSERT INTO `chengshi` VALUES (308, '怒江', 293, 15, '2023-02-19 19:48:22', '2023-02-19 19:48:22', 0);
INSERT INTO `chengshi` VALUES (309, '迪庆', 293, 16, '2023-02-19 19:48:22', '2023-02-19 19:48:22', 0);
INSERT INTO `chengshi` VALUES (310, '西藏省', 0, 23, '2023-02-19 19:48:22', '2023-02-19 19:48:22', 0);
INSERT INTO `chengshi` VALUES (311, '拉萨', 310, 1, '2023-02-19 19:48:22', '2023-02-19 19:48:22', 0);
INSERT INTO `chengshi` VALUES (312, '昌都', 310, 2, '2023-02-19 19:48:22', '2023-02-19 19:48:22', 0);
INSERT INTO `chengshi` VALUES (313, '山南', 310, 3, '2023-02-19 19:48:22', '2023-02-19 19:48:22', 0);
INSERT INTO `chengshi` VALUES (314, '日喀则', 310, 4, '2023-02-19 19:48:22', '2023-02-19 19:48:22', 0);
INSERT INTO `chengshi` VALUES (315, '那曲', 310, 5, '2023-02-19 19:48:22', '2023-02-19 19:48:22', 0);
INSERT INTO `chengshi` VALUES (316, '阿里', 310, 6, '2023-02-19 19:48:22', '2023-02-19 19:48:22', 0);
INSERT INTO `chengshi` VALUES (317, '林芝', 310, 7, '2023-02-19 19:48:22', '2023-02-19 19:48:22', 0);
INSERT INTO `chengshi` VALUES (318, '陕西省', 0, 24, '2023-02-19 19:48:22', '2023-02-19 19:48:22', 0);
INSERT INTO `chengshi` VALUES (319, '西安', 318, 1, '2023-02-19 19:48:22', '2023-02-19 19:48:22', 0);
INSERT INTO `chengshi` VALUES (320, '铜川', 318, 2, '2023-02-19 19:48:22', '2023-02-19 19:48:22', 0);
INSERT INTO `chengshi` VALUES (321, '宝鸡', 318, 3, '2023-02-19 19:48:22', '2023-02-19 19:48:22', 0);
INSERT INTO `chengshi` VALUES (322, '咸阳', 318, 4, '2023-02-19 19:48:22', '2023-02-19 19:48:22', 0);
INSERT INTO `chengshi` VALUES (323, '渭南', 318, 5, '2023-02-19 19:48:22', '2023-02-19 19:48:22', 0);
INSERT INTO `chengshi` VALUES (324, '延安', 318, 6, '2023-02-19 19:48:22', '2023-02-19 19:48:22', 0);
INSERT INTO `chengshi` VALUES (325, '汉中', 318, 7, '2023-02-19 19:48:22', '2023-02-19 19:48:22', 0);
INSERT INTO `chengshi` VALUES (326, '榆林', 318, 8, '2023-02-19 19:48:22', '2023-02-19 19:48:22', 0);
INSERT INTO `chengshi` VALUES (327, '安康', 318, 9, '2023-02-19 19:48:22', '2023-02-19 19:48:22', 0);
INSERT INTO `chengshi` VALUES (328, '商洛', 318, 10, '2023-02-19 19:48:22', '2023-02-19 19:48:22', 0);
INSERT INTO `chengshi` VALUES (329, '甘肃省', 0, 25, '2023-02-19 19:48:22', '2023-02-19 19:48:22', 0);
INSERT INTO `chengshi` VALUES (330, '兰州', 329, 1, '2023-02-19 19:48:22', '2023-02-19 19:48:22', 0);
INSERT INTO `chengshi` VALUES (331, '嘉峪关', 329, 2, '2023-02-19 19:48:22', '2023-02-19 19:48:22', 0);
INSERT INTO `chengshi` VALUES (332, '金昌', 329, 3, '2023-02-19 19:48:22', '2023-02-19 19:48:22', 0);
INSERT INTO `chengshi` VALUES (333, '白银', 329, 4, '2023-02-19 19:48:22', '2023-02-19 19:48:22', 0);
INSERT INTO `chengshi` VALUES (334, '天水', 329, 5, '2023-02-19 19:48:22', '2023-02-19 19:48:22', 0);
INSERT INTO `chengshi` VALUES (335, '武威', 329, 6, '2023-02-19 19:48:22', '2023-02-19 19:48:22', 0);
INSERT INTO `chengshi` VALUES (336, '张掖', 329, 7, '2023-02-19 19:48:22', '2023-02-19 19:48:22', 0);
INSERT INTO `chengshi` VALUES (337, '平凉', 329, 8, '2023-02-19 19:48:22', '2023-02-19 19:48:22', 0);
INSERT INTO `chengshi` VALUES (338, '酒泉', 329, 9, '2023-02-19 19:48:22', '2023-02-19 19:48:22', 0);
INSERT INTO `chengshi` VALUES (339, '庆阳', 329, 10, '2023-02-19 19:48:22', '2023-02-19 19:48:22', 0);
INSERT INTO `chengshi` VALUES (340, '定西', 329, 11, '2023-02-19 19:48:22', '2023-02-19 19:48:22', 0);
INSERT INTO `chengshi` VALUES (341, '陇南', 329, 12, '2023-02-19 19:48:22', '2023-02-19 19:48:22', 0);
INSERT INTO `chengshi` VALUES (342, '临夏', 329, 13, '2023-02-19 19:48:22', '2023-02-19 19:48:22', 0);
INSERT INTO `chengshi` VALUES (343, '甘南', 329, 14, '2023-02-19 19:48:22', '2023-02-19 19:48:22', 0);
INSERT INTO `chengshi` VALUES (344, '青海省', 0, 26, '2023-02-19 19:48:22', '2023-02-19 19:48:22', 0);
INSERT INTO `chengshi` VALUES (345, '西宁', 344, 1, '2023-02-19 19:48:22', '2023-02-19 19:48:22', 0);
INSERT INTO `chengshi` VALUES (346, '海东', 344, 2, '2023-02-19 19:48:22', '2023-02-19 19:48:22', 0);
INSERT INTO `chengshi` VALUES (347, '海北', 344, 3, '2023-02-19 19:48:22', '2023-02-19 19:48:22', 0);
INSERT INTO `chengshi` VALUES (348, '黄南', 344, 4, '2023-02-19 19:48:22', '2023-02-19 19:48:22', 0);
INSERT INTO `chengshi` VALUES (349, '海南', 344, 5, '2023-02-19 19:48:22', '2023-02-19 19:48:22', 0);
INSERT INTO `chengshi` VALUES (350, '果洛', 344, 6, '2023-02-19 19:48:22', '2023-02-19 19:48:22', 0);
INSERT INTO `chengshi` VALUES (351, '玉树', 344, 7, '2023-02-19 19:48:22', '2023-02-19 19:48:22', 0);
INSERT INTO `chengshi` VALUES (352, '海西', 344, 8, '2023-02-19 19:48:22', '2023-02-19 19:48:22', 0);
INSERT INTO `chengshi` VALUES (353, '宁夏省', 0, 27, '2023-02-19 19:48:22', '2023-02-19 19:48:22', 0);
INSERT INTO `chengshi` VALUES (354, '银川', 353, 1, '2023-02-19 19:48:22', '2023-02-19 19:48:22', 0);
INSERT INTO `chengshi` VALUES (355, '石嘴山', 353, 2, '2023-02-19 19:48:22', '2023-02-19 19:48:22', 0);
INSERT INTO `chengshi` VALUES (356, '吴忠', 353, 3, '2023-02-19 19:48:22', '2023-02-19 19:48:22', 0);
INSERT INTO `chengshi` VALUES (357, '固原', 353, 4, '2023-02-19 19:48:22', '2023-02-19 19:48:22', 0);
INSERT INTO `chengshi` VALUES (358, '中卫', 353, 5, '2023-02-19 19:48:22', '2023-02-19 19:48:22', 0);
INSERT INTO `chengshi` VALUES (359, '新疆省', 0, 28, '2023-02-19 19:48:22', '2023-02-19 19:48:22', 0);
INSERT INTO `chengshi` VALUES (360, '乌鲁木齐', 359, 1, '2023-02-19 19:48:22', '2023-02-19 19:48:22', 0);
INSERT INTO `chengshi` VALUES (361, '克拉玛依', 359, 2, '2023-02-19 19:48:22', '2023-02-19 19:48:22', 0);
INSERT INTO `chengshi` VALUES (362, '吐鲁番', 359, 3, '2023-02-19 19:48:22', '2023-02-19 19:48:22', 0);
INSERT INTO `chengshi` VALUES (363, '哈密', 359, 4, '2023-02-19 19:48:22', '2023-02-19 19:48:22', 0);
INSERT INTO `chengshi` VALUES (364, '和田', 359, 5, '2023-02-19 19:48:22', '2023-02-19 19:48:22', 0);
INSERT INTO `chengshi` VALUES (365, '阿克苏', 359, 6, '2023-02-19 19:48:22', '2023-02-19 19:48:22', 0);
INSERT INTO `chengshi` VALUES (366, '喀什', 359, 7, '2023-02-19 19:48:22', '2023-02-19 19:48:22', 0);
INSERT INTO `chengshi` VALUES (367, '克孜勒苏柯尔克孜', 359, 8, '2023-02-19 19:48:22', '2023-02-19 19:48:22', 0);
INSERT INTO `chengshi` VALUES (368, '巴音郭楞蒙古', 359, 9, '2023-02-19 19:48:22', '2023-02-19 19:48:22', 0);
INSERT INTO `chengshi` VALUES (369, '昌吉', 359, 10, '2023-02-19 19:48:22', '2023-02-19 19:48:22', 0);
INSERT INTO `chengshi` VALUES (370, '博尔塔拉蒙古', 359, 11, '2023-02-19 19:48:22', '2023-02-19 19:48:22', 0);
INSERT INTO `chengshi` VALUES (371, '伊犁哈萨克', 359, 12, '2023-02-19 19:48:22', '2023-02-19 19:48:22', 0);
INSERT INTO `chengshi` VALUES (372, '塔城', 359, 13, '2023-02-19 19:48:22', '2023-02-19 19:48:22', 0);
INSERT INTO `chengshi` VALUES (373, '阿勒泰', 359, 14, '2023-02-19 19:48:22', '2023-02-19 19:48:22', 0);
INSERT INTO `chengshi` VALUES (374, '港澳台', 0, 29, '2023-02-19 19:48:22', '2023-02-19 19:48:22', 0);
INSERT INTO `chengshi` VALUES (375, '香港', 374, 1, '2023-02-19 19:48:22', '2023-02-19 19:48:22', 0);
INSERT INTO `chengshi` VALUES (376, '澳门', 374, 2, '2023-02-19 19:48:22', '2023-02-19 19:48:22', 0);
INSERT INTO `chengshi` VALUES (377, '台湾', 374, 3, '2023-02-19 19:48:22', '2023-02-19 19:48:22', 0);

-- ----------------------------
-- Table structure for invitation
-- ----------------------------
DROP TABLE IF EXISTS `invitation`;
CREATE TABLE `invitation`  (
  `id` bigint NOT NULL AUTO_INCREMENT COMMENT '编号',
  `car_id` bigint NULL DEFAULT NULL COMMENT '车id',
  `tungy_id` bigint NULL DEFAULT NULL COMMENT '囤管员id',
  `welfare` varchar(200) CHARACTER SET utf8mb3 COLLATE utf8mb3_general_ci NULL DEFAULT NULL COMMENT '福利',
  `create_time` timestamp NOT NULL DEFAULT CURRENT_TIMESTAMP COMMENT '创建时间',
  `update_time` timestamp NOT NULL DEFAULT CURRENT_TIMESTAMP ON UPDATE CURRENT_TIMESTAMP,
  `is_deleted` tinyint NOT NULL DEFAULT 0,
  PRIMARY KEY (`id`) USING BTREE,
  INDEX `idx_cid`(`car_id` ASC, `tungy_id` ASC) USING BTREE
) ENGINE = InnoDB AUTO_INCREMENT = 75 CHARACTER SET = utf8mb3 COLLATE = utf8mb3_general_ci COMMENT = '补货邀约' ROW_FORMAT = Dynamic;

-- ----------------------------
-- Records of invitation
-- ----------------------------
INSERT INTO `invitation` VALUES (9, 1, 34, '走过路过，不要错过', '2023-03-04 21:55:45', '2023-03-07 15:02:46', 1);
INSERT INTO `invitation` VALUES (10, 2, 34, '走过路过，不要错过', '2023-03-04 21:56:48', '2023-03-04 21:56:48', 0);
INSERT INTO `invitation` VALUES (11, 4, 34, '走过路过，不要错过', '2023-03-04 21:56:52', '2023-03-04 21:56:52', 0);
INSERT INTO `invitation` VALUES (12, 1, 34, '走过路过，不要错过', '2023-03-05 15:36:28', '2023-03-07 20:52:25', 1);
INSERT INTO `invitation` VALUES (13, 1, 34, '走过路过，不要错过', '2023-03-05 15:46:24', '2023-03-07 20:52:27', 1);
INSERT INTO `invitation` VALUES (14, 2, 34, '走过路过，不要错过', '2023-03-05 15:46:24', '2023-03-05 15:46:24', 0);
INSERT INTO `invitation` VALUES (15, 4, 34, '走过路过，不要错过', '2023-03-05 15:46:25', '2023-03-05 15:46:25', 0);
INSERT INTO `invitation` VALUES (16, 2, 34, '走过路过，不要错过', '2023-03-05 15:46:26', '2023-04-05 16:15:48', 1);
INSERT INTO `invitation` VALUES (17, 1, 34, '走过路过，不要错过', '2023-03-05 15:46:27', '2023-03-07 15:05:03', 1);
INSERT INTO `invitation` VALUES (18, 4, 34, '走过路过，不要错过', '2023-03-05 15:46:28', '2023-03-07 20:45:17', 1);
INSERT INTO `invitation` VALUES (19, 1, 34, '走过路过,不要错过', '2023-03-05 16:08:08', '2023-03-07 15:01:00', 1);
INSERT INTO `invitation` VALUES (20, 2, 34, '全场八折，全程八折', '2023-03-05 16:08:41', '2023-03-07 20:44:13', 1);
INSERT INTO `invitation` VALUES (21, 2, 34, '走过路过,不要错过', '2023-03-05 16:25:55', '2023-03-07 20:43:58', 1);
INSERT INTO `invitation` VALUES (22, 4, 34, '嘎嘎嘎', '2023-03-05 16:26:12', '2023-03-07 20:34:53', 1);
INSERT INTO `invitation` VALUES (23, 1, 34, '走过路过,不要错过', '2023-03-07 20:58:17', '2023-03-08 14:07:06', 1);
INSERT INTO `invitation` VALUES (24, 1, 34, '限时八折，限时八折，限时八折', '2023-03-07 20:59:03', '2023-03-08 14:06:00', 1);
INSERT INTO `invitation` VALUES (32, 1, 34, '走过路过,不要错过', '2023-03-08 15:56:20', '2023-03-08 16:00:10', 1);
INSERT INTO `invitation` VALUES (33, 1, 34, '九折九折', '2023-03-08 15:56:46', '2023-03-30 15:16:16', 1);
INSERT INTO `invitation` VALUES (34, 1, 34, '九折九折', '2023-03-08 15:57:04', '2023-03-30 15:16:18', 1);
INSERT INTO `invitation` VALUES (35, 1, 34, '九折九折还是九折', '2023-03-08 15:57:14', '2023-03-09 14:18:45', 1);
INSERT INTO `invitation` VALUES (36, 1, 34, '九折九折还是九折', '2023-03-08 15:57:17', '2023-03-30 15:16:20', 1);
INSERT INTO `invitation` VALUES (37, 3, 34, '走过路过,不要错过', '2023-03-08 16:31:40', '2023-03-08 16:33:59', 1);
INSERT INTO `invitation` VALUES (38, 3, 34, '走过路过,不要错过', '2023-03-08 16:32:07', '2023-03-08 16:33:47', 1);
INSERT INTO `invitation` VALUES (39, 3, 34, '走过路过,不要错过', '2023-03-08 16:32:09', '2023-03-08 16:32:27', 1);
INSERT INTO `invitation` VALUES (40, 3, 34, '女神节优惠八折', '2023-03-08 16:32:51', '2023-03-08 16:33:36', 1);
INSERT INTO `invitation` VALUES (41, 3, 34, '。。。。', '2023-03-08 16:33:00', '2023-03-08 16:33:24', 1);
INSERT INTO `invitation` VALUES (42, 1, 34, '测试', '2023-03-09 14:11:26', '2023-03-30 15:16:21', 1);
INSERT INTO `invitation` VALUES (43, 1, 34, '测试八折', '2023-03-09 14:11:33', '2023-03-30 15:16:22', 1);
INSERT INTO `invitation` VALUES (44, 27, 36, '27号', '2023-03-17 22:25:21', '2023-03-17 22:26:54', 1);
INSERT INTO `invitation` VALUES (45, 1, 36, '走过路过,不要错过', '2023-03-30 14:52:00', '2023-03-30 15:16:24', 1);
INSERT INTO `invitation` VALUES (46, 1, 36, '走过路过,不要错过', '2023-03-30 14:52:41', '2023-03-30 15:16:25', 1);
INSERT INTO `invitation` VALUES (47, 1, 36, '走过路过,不要错过', '2023-03-30 14:55:20', '2023-03-30 15:16:26', 1);
INSERT INTO `invitation` VALUES (48, 1, 36, '走过路过,不要错过', '2023-03-30 14:59:04', '2023-03-30 15:16:27', 1);
INSERT INTO `invitation` VALUES (49, 1, 36, '走过路过,不要错过', '2023-03-30 15:01:22', '2023-03-30 15:30:20', 1);
INSERT INTO `invitation` VALUES (50, 1, 36, '走过路过,不要错过', '2023-03-30 15:03:17', '2023-04-05 15:15:09', 1);
INSERT INTO `invitation` VALUES (51, 1, 36, '走过路过,不要错过', '2023-03-30 15:06:58', '2023-04-05 15:19:31', 1);
INSERT INTO `invitation` VALUES (52, 1, 36, '走过路过,不要错过', '2023-03-30 15:10:01', '2023-03-30 15:15:56', 1);
INSERT INTO `invitation` VALUES (53, 1, 36, '走过路过,不要错过', '2023-03-30 15:32:52', '2023-03-30 15:32:52', 0);
INSERT INTO `invitation` VALUES (54, 1, 34, '清明时节，九折优惠', '2023-04-05 16:11:58', '2023-04-15 00:47:07', 1);
INSERT INTO `invitation` VALUES (55, 1, 34, '系统AI智能推荐对“自热煲仔饭”进行补货，享受九折优惠！', '2023-04-13 21:31:44', '2023-04-15 00:47:08', 1);
INSERT INTO `invitation` VALUES (56, 1, 34, '系统AI智能推荐对“德芙巧克力”进行补货，享受九折优惠！', '2023-04-13 21:32:20', '2023-04-15 00:47:10', 1);
INSERT INTO `invitation` VALUES (57, 1, 34, '系统AI智能推荐对“德芙巧克力”进行补货，享受九折优惠！', '2023-04-13 21:32:22', '2023-04-15 00:47:11', 1);
INSERT INTO `invitation` VALUES (58, 27, 34, '系统AI智能推荐对“干脆面”进行补货，享受九折优惠！', '2023-04-13 21:32:26', '2023-04-13 21:32:26', 0);
INSERT INTO `invitation` VALUES (59, 1, 36, '414测试邀约', '2023-04-15 00:22:36', '2023-04-15 00:22:36', 0);
INSERT INTO `invitation` VALUES (60, 1, 36, '414测试邀约', '2023-04-15 00:23:16', '2023-04-15 00:25:55', 1);
INSERT INTO `invitation` VALUES (61, 1, 36, '414测试邀约', '2023-04-15 00:24:46', '2023-04-15 00:25:36', 1);
INSERT INTO `invitation` VALUES (62, 1, 36, '414普通邀约', '2023-04-15 00:36:05', '2023-04-15 00:36:05', 0);
INSERT INTO `invitation` VALUES (63, 1, 36, '系统AI智能推荐对“自热煲仔饭”进行补货，享受九折优惠！', '2023-04-15 00:36:27', '2023-04-15 00:47:18', 1);
INSERT INTO `invitation` VALUES (64, 1, 36, '测试', '2023-04-15 00:38:54', '2023-04-15 00:38:54', 0);
INSERT INTO `invitation` VALUES (65, 1, 36, '测试', '2023-04-15 00:38:58', '2023-04-15 00:47:04', 1);
INSERT INTO `invitation` VALUES (66, 1, 36, '414普通邀约', '2023-04-15 00:45:24', '2023-04-15 00:46:53', 1);
INSERT INTO `invitation` VALUES (67, 1, 36, '系统AI智能推荐对“紫山到饭点自热米饭”进行补货，享受九折优惠！', '2023-04-15 00:45:44', '2023-04-15 00:47:02', 1);
INSERT INTO `invitation` VALUES (68, 1, 36, '系统AI智能推荐对“紫山到饭点自热米饭”进行补货，享受九折优惠！', '2023-04-15 00:45:54', '2023-04-15 00:47:00', 1);
INSERT INTO `invitation` VALUES (69, 1, 36, '414普通邀约', '2023-04-15 00:46:01', '2023-04-15 00:46:58', 1);
INSERT INTO `invitation` VALUES (70, 1, 36, '415普通邀约', '2023-04-15 00:52:39', '2023-04-15 00:53:43', 1);
INSERT INTO `invitation` VALUES (71, 1, 36, '系统AI智能推荐对“自热煲仔饭”进行补货，享受九折优惠！', '2023-04-15 00:52:59', '2023-04-15 00:53:51', 1);
INSERT INTO `invitation` VALUES (72, 1, 34, '走过路过,不要错过', '2023-04-15 04:49:14', '2023-04-15 04:49:14', 0);
INSERT INTO `invitation` VALUES (73, 1, 36, '走过路过,不要错过', '2023-04-18 21:43:36', '2023-04-18 21:46:44', 1);
INSERT INTO `invitation` VALUES (74, 1, 36, '系统AI智能推荐对“士力架”进行补货，享受九折优惠！', '2023-04-18 21:43:56', '2023-04-18 21:46:48', 1);

-- ----------------------------
-- Table structure for purchase_detail
-- ----------------------------
DROP TABLE IF EXISTS `purchase_detail`;
CREATE TABLE `purchase_detail`  (
  `id` bigint NOT NULL AUTO_INCREMENT COMMENT '编号',
  `goods_id` bigint NULL DEFAULT NULL COMMENT '商品id',
  `goods_name` varchar(4000) CHARACTER SET utf8mb3 COLLATE utf8mb3_general_ci NULL DEFAULT NULL COMMENT '商品名称',
  `cover` varchar(255) CHARACTER SET utf8mb3 COLLATE utf8mb3_general_ci NULL DEFAULT NULL COMMENT '商品封面',
  `purchase_id` bigint NULL DEFAULT NULL COMMENT '补货单单编号',
  `price` decimal(10, 2) UNSIGNED NOT NULL DEFAULT 0.00 COMMENT '销售价格，设置为0则免费',
  `buy_count` int UNSIGNED NOT NULL DEFAULT 0 COMMENT '补货数量',
  `create_time` timestamp NOT NULL DEFAULT CURRENT_TIMESTAMP COMMENT '创建时间',
  `update_time` timestamp NOT NULL DEFAULT CURRENT_TIMESTAMP ON UPDATE CURRENT_TIMESTAMP,
  `is_deleted` tinyint NOT NULL DEFAULT 0,
  PRIMARY KEY (`id`) USING BTREE,
  UNIQUE INDEX `idx_oid_cid`(`purchase_id` ASC, `goods_id` ASC) USING BTREE,
  INDEX `idx_cid`(`goods_id` ASC) USING BTREE
) ENGINE = InnoDB AUTO_INCREMENT = 104 CHARACTER SET = utf8mb3 COLLATE = utf8mb3_general_ci COMMENT = '补货单明细' ROW_FORMAT = Dynamic;

-- ----------------------------
-- Records of purchase_detail
-- ----------------------------
INSERT INTO `purchase_detail` VALUES (9, 22, '雀巢咖啡', 'https://jamorant-12-1309991848.cos.ap-beijing.myqcloud.com/2023/02/02/3eb6672ec3844cd1b567f112ca829222雀巢咖啡.jpg', 12, 6.00, 10, '2023-03-08 11:20:00', '2023-03-08 11:20:00', 0);
INSERT INTO `purchase_detail` VALUES (10, 20, '红牛', 'https://jamorant-12-1309991848.cos.ap-beijing.myqcloud.com/2023/02/02/d0ce7e609734490a906cee696fbbf5ba红牛.jpg', 12, 5.00, 5, '2023-03-08 11:54:47', '2023-03-08 11:54:47', 0);
INSERT INTO `purchase_detail` VALUES (11, 32, '索尼MP3', 'https://jamorant-12-1309991848.cos.ap-beijing.myqcloud.com/2023/02/02/d7e559965f904e1d86de82e9e071f6a2索尼MP3.jpg', 13, 35.00, 5, '2023-03-08 13:41:21', '2023-03-08 13:41:21', 0);
INSERT INTO `purchase_detail` VALUES (12, 34, 'N95口罩', 'https://jamorant-12-1309991848.cos.ap-beijing.myqcloud.com/2023/02/02/480a93c115ac408391d9407e397d5dc9N95口罩.jpg', 13, 2.00, 5, '2023-03-08 13:41:23', '2023-03-08 13:41:23', 0);
INSERT INTO `purchase_detail` VALUES (13, 37, '小包纸巾', 'https://jamorant-12-1309991848.cos.ap-beijing.myqcloud.com/2023/02/02/7e944f46bf084c91b8bb4c08216f39db纸巾.jpg', 13, 1.00, 5, '2023-03-08 13:41:24', '2023-03-08 13:41:24', 0);
INSERT INTO `purchase_detail` VALUES (14, 21, '冰红茶', 'https://jamorant-12-1309991848.cos.ap-beijing.myqcloud.com/2023/02/02/17371930c864463d8dae92ecfd1131a3冰红茶.jpg', 13, 4.00, 5, '2023-03-08 13:41:27', '2023-03-08 13:41:27', 0);
INSERT INTO `purchase_detail` VALUES (15, 20, '红牛', 'https://jamorant-12-1309991848.cos.ap-beijing.myqcloud.com/2023/02/02/d0ce7e609734490a906cee696fbbf5ba红牛.jpg', 14, 5.00, 5, '2023-03-08 13:41:53', '2023-03-08 13:41:53', 0);
INSERT INTO `purchase_detail` VALUES (16, 20, '红牛', 'https://jamorant-12-1309991848.cos.ap-beijing.myqcloud.com/2023/02/02/d0ce7e609734490a906cee696fbbf5ba红牛.jpg', 17, 5.00, 5, '2023-03-08 14:04:51', '2023-03-08 14:04:51', 0);
INSERT INTO `purchase_detail` VALUES (17, 21, '冰红茶', 'https://jamorant-12-1309991848.cos.ap-beijing.myqcloud.com/2023/02/02/17371930c864463d8dae92ecfd1131a3冰红茶.jpg', 17, 4.00, 5, '2023-03-08 14:04:52', '2023-03-08 14:04:52', 0);
INSERT INTO `purchase_detail` VALUES (18, 25, '紫山到饭点自热米饭', 'https://jamorant-12-1309991848.cos.ap-beijing.myqcloud.com/2023/02/02/ded70c5c10024756856e5189d1611ffd到饭点自热米饭.jpg', 17, 25.00, 5, '2023-03-08 14:04:53', '2023-03-08 14:04:53', 0);
INSERT INTO `purchase_detail` VALUES (19, 26, '新鲜玉米', 'https://jamorant-12-1309991848.cos.ap-beijing.myqcloud.com/2023/02/02/7232cdfcb1614b61b35385785a8306aa玉米1.jpg', 17, 10.00, 5, '2023-03-08 14:04:54', '2023-03-08 14:04:54', 0);
INSERT INTO `purchase_detail` VALUES (20, 34, 'N95口罩', 'https://jamorant-12-1309991848.cos.ap-beijing.myqcloud.com/2023/02/02/480a93c115ac408391d9407e397d5dc9N95口罩.jpg', 17, 2.00, 5, '2023-03-08 14:04:56', '2023-03-08 14:04:56', 0);
INSERT INTO `purchase_detail` VALUES (21, 37, '小包纸巾', 'https://jamorant-12-1309991848.cos.ap-beijing.myqcloud.com/2023/02/02/7e944f46bf084c91b8bb4c08216f39db纸巾.jpg', 17, 1.00, 5, '2023-03-08 14:04:58', '2023-03-08 14:04:58', 0);
INSERT INTO `purchase_detail` VALUES (22, 21, '冰红茶', 'https://jamorant-12-1309991848.cos.ap-beijing.myqcloud.com/2023/02/02/17371930c864463d8dae92ecfd1131a3冰红茶.jpg', 18, 4.00, 5, '2023-03-08 14:06:07', '2023-03-08 14:06:07', 0);
INSERT INTO `purchase_detail` VALUES (23, 25, '紫山到饭点自热米饭', 'https://jamorant-12-1309991848.cos.ap-beijing.myqcloud.com/2023/02/02/ded70c5c10024756856e5189d1611ffd到饭点自热米饭.jpg', 18, 25.00, 5, '2023-03-08 14:06:08', '2023-03-08 14:06:08', 0);
INSERT INTO `purchase_detail` VALUES (24, 26, '新鲜玉米', 'https://jamorant-12-1309991848.cos.ap-beijing.myqcloud.com/2023/02/02/7232cdfcb1614b61b35385785a8306aa玉米1.jpg', 18, 10.00, 5, '2023-03-08 14:06:09', '2023-03-08 14:06:09', 0);
INSERT INTO `purchase_detail` VALUES (25, 29, '苹果6手机', 'https://jamorant-12-1309991848.cos.ap-beijing.myqcloud.com/2023/02/02/3738678f1ced4b6b8a9c078781cb94dc苹果6手机.jpg', 18, 2999.00, 5, '2023-03-08 14:06:11', '2023-03-08 14:06:11', 0);
INSERT INTO `purchase_detail` VALUES (26, 22, '雀巢咖啡', 'https://jamorant-12-1309991848.cos.ap-beijing.myqcloud.com/2023/02/02/3eb6672ec3844cd1b567f112ca829222雀巢咖啡.jpg', 19, 6.00, 5, '2023-03-08 14:06:57', '2023-03-08 14:06:57', 0);
INSERT INTO `purchase_detail` VALUES (27, 27, '可比克薯片', 'https://jamorant-12-1309991848.cos.ap-beijing.myqcloud.com/2023/02/02/210125915b534d9bad5aba83a189636f可比克薯片.jpg', 19, 5.00, 5, '2023-03-08 14:06:58', '2023-03-08 14:06:58', 0);
INSERT INTO `purchase_detail` VALUES (28, 30, '联想蓝牙无线耳机', 'https://jamorant-12-1309991848.cos.ap-beijing.myqcloud.com/2023/02/02/c65eba2f2063442188e739c643613b7f联想蓝牙无线耳机.jpg', 19, 399.00, 5, '2023-03-08 14:07:00', '2023-03-08 14:07:00', 0);
INSERT INTO `purchase_detail` VALUES (29, 35, '医用酒精', 'https://jamorant-12-1309991848.cos.ap-beijing.myqcloud.com/2023/02/02/06b6038015204c258b342753d9ca48bc酒精.jpg', 19, 9.00, 5, '2023-03-08 14:07:03', '2023-03-08 14:07:03', 0);
INSERT INTO `purchase_detail` VALUES (30, 38, '清洁湿巾', 'https://jamorant-12-1309991848.cos.ap-beijing.myqcloud.com/2023/02/02/d6d8b3d1700e465fa3b573c92f503064清洁湿巾.jpg', 19, 2.00, 5, '2023-03-08 14:07:05', '2023-03-08 14:07:05', 0);
INSERT INTO `purchase_detail` VALUES (31, 21, '冰红茶', 'https://jamorant-12-1309991848.cos.ap-beijing.myqcloud.com/2023/02/02/17371930c864463d8dae92ecfd1131a3冰红茶.jpg', 20, 4.00, 10, '2023-03-08 15:43:57', '2023-03-08 15:43:57', 0);
INSERT INTO `purchase_detail` VALUES (32, 25, '紫山到饭点自热米饭', 'https://jamorant-12-1309991848.cos.ap-beijing.myqcloud.com/2023/02/02/ded70c5c10024756856e5189d1611ffd到饭点自热米饭.jpg', 20, 25.00, 5, '2023-03-08 15:43:58', '2023-03-08 15:43:58', 0);
INSERT INTO `purchase_detail` VALUES (33, 27, '可比克薯片', 'https://jamorant-12-1309991848.cos.ap-beijing.myqcloud.com/2023/02/02/210125915b534d9bad5aba83a189636f可比克薯片.jpg', 20, 5.00, 5, '2023-03-08 15:43:59', '2023-03-08 15:43:59', 0);
INSERT INTO `purchase_detail` VALUES (34, 26, '新鲜玉米', 'https://jamorant-12-1309991848.cos.ap-beijing.myqcloud.com/2023/02/02/7232cdfcb1614b61b35385785a8306aa玉米1.jpg', 21, 10.00, 5, '2023-03-08 15:46:30', '2023-03-08 15:46:30', 0);
INSERT INTO `purchase_detail` VALUES (35, 38, '清洁湿巾', 'https://jamorant-12-1309991848.cos.ap-beijing.myqcloud.com/2023/02/02/d6d8b3d1700e465fa3b573c92f503064清洁湿巾.jpg', 21, 2.00, 5, '2023-03-08 15:46:32', '2023-03-08 15:46:32', 0);
INSERT INTO `purchase_detail` VALUES (36, 25, '紫山到饭点自热米饭', 'https://jamorant-12-1309991848.cos.ap-beijing.myqcloud.com/2023/02/02/ded70c5c10024756856e5189d1611ffd到饭点自热米饭.jpg', 22, 25.00, 5, '2023-03-08 15:48:21', '2023-03-08 15:48:21', 0);
INSERT INTO `purchase_detail` VALUES (37, 22, '雀巢咖啡', 'https://jamorant-12-1309991848.cos.ap-beijing.myqcloud.com/2023/02/02/3eb6672ec3844cd1b567f112ca829222雀巢咖啡.jpg', 23, 6.00, 5, '2023-03-08 15:49:51', '2023-03-08 15:49:51', 0);
INSERT INTO `purchase_detail` VALUES (38, 34, 'N95口罩', 'https://jamorant-12-1309991848.cos.ap-beijing.myqcloud.com/2023/02/02/480a93c115ac408391d9407e397d5dc9N95口罩.jpg', 23, 2.00, 5, '2023-03-08 15:50:03', '2023-03-08 15:50:03', 0);
INSERT INTO `purchase_detail` VALUES (39, 25, '紫山到饭点自热米饭', 'https://jamorant-12-1309991848.cos.ap-beijing.myqcloud.com/2023/02/02/ded70c5c10024756856e5189d1611ffd到饭点自热米饭.jpg', 24, 25.00, 5, '2023-03-08 16:00:05', '2023-03-08 16:00:05', 0);
INSERT INTO `purchase_detail` VALUES (40, 34, 'N95口罩', 'https://jamorant-12-1309991848.cos.ap-beijing.myqcloud.com/2023/02/02/480a93c115ac408391d9407e397d5dc9N95口罩.jpg', 24, 2.00, 5, '2023-03-08 16:00:07', '2023-03-08 16:00:07', 0);
INSERT INTO `purchase_detail` VALUES (41, 38, '清洁湿巾', 'https://jamorant-12-1309991848.cos.ap-beijing.myqcloud.com/2023/02/02/d6d8b3d1700e465fa3b573c92f503064清洁湿巾.jpg', 24, 2.00, 5, '2023-03-08 16:00:09', '2023-03-08 16:00:09', 0);
INSERT INTO `purchase_detail` VALUES (42, 25, '紫山到饭点自热米饭', 'https://jamorant-12-1309991848.cos.ap-beijing.myqcloud.com/2023/02/02/ded70c5c10024756856e5189d1611ffd到饭点自热米饭.jpg', 25, 25.00, 5, '2023-03-08 16:00:20', '2023-03-08 16:00:20', 0);
INSERT INTO `purchase_detail` VALUES (43, 26, '新鲜玉米', 'https://jamorant-12-1309991848.cos.ap-beijing.myqcloud.com/2023/02/02/7232cdfcb1614b61b35385785a8306aa玉米1.jpg', 25, 10.00, 5, '2023-03-08 16:00:21', '2023-03-08 16:00:21', 0);
INSERT INTO `purchase_detail` VALUES (44, 27, '可比克薯片', 'https://jamorant-12-1309991848.cos.ap-beijing.myqcloud.com/2023/02/02/210125915b534d9bad5aba83a189636f可比克薯片.jpg', 25, 5.00, 5, '2023-03-08 16:00:22', '2023-03-08 16:00:22', 0);
INSERT INTO `purchase_detail` VALUES (45, 20, '红牛', 'https://jamorant-12-1309991848.cos.ap-beijing.myqcloud.com/2023/02/02/d0ce7e609734490a906cee696fbbf5ba红牛.jpg', 26, 5.00, 5, '2023-03-08 16:32:21', '2023-03-08 16:32:21', 0);
INSERT INTO `purchase_detail` VALUES (46, 21, '冰红茶', 'https://jamorant-12-1309991848.cos.ap-beijing.myqcloud.com/2023/02/02/17371930c864463d8dae92ecfd1131a3冰红茶.jpg', 26, 4.00, 5, '2023-03-08 16:32:22', '2023-03-08 16:32:22', 0);
INSERT INTO `purchase_detail` VALUES (47, 26, '新鲜玉米', 'https://jamorant-12-1309991848.cos.ap-beijing.myqcloud.com/2023/02/02/7232cdfcb1614b61b35385785a8306aa玉米1.jpg', 26, 10.00, 5, '2023-03-08 16:32:23', '2023-03-08 16:32:23', 0);
INSERT INTO `purchase_detail` VALUES (48, 27, '可比克薯片', 'https://jamorant-12-1309991848.cos.ap-beijing.myqcloud.com/2023/02/02/210125915b534d9bad5aba83a189636f可比克薯片.jpg', 26, 5.00, 5, '2023-03-08 16:32:24', '2023-03-08 16:32:24', 0);
INSERT INTO `purchase_detail` VALUES (49, 29, '苹果6手机', 'https://jamorant-12-1309991848.cos.ap-beijing.myqcloud.com/2023/02/02/3738678f1ced4b6b8a9c078781cb94dc苹果6手机.jpg', 26, 2999.00, 5, '2023-03-08 16:32:25', '2023-03-08 16:32:25', 0);
INSERT INTO `purchase_detail` VALUES (50, 21, '冰红茶', 'https://jamorant-12-1309991848.cos.ap-beijing.myqcloud.com/2023/02/02/17371930c864463d8dae92ecfd1131a3冰红茶.jpg', 27, 4.00, 5, '2023-03-08 16:33:19', '2023-03-08 16:33:19', 0);
INSERT INTO `purchase_detail` VALUES (51, 32, '索尼MP3', 'https://jamorant-12-1309991848.cos.ap-beijing.myqcloud.com/2023/02/02/d7e559965f904e1d86de82e9e071f6a2索尼MP3.jpg', 27, 35.00, 5, '2023-03-08 16:33:21', '2023-03-08 16:33:21', 0);
INSERT INTO `purchase_detail` VALUES (52, 38, '清洁湿巾', 'https://jamorant-12-1309991848.cos.ap-beijing.myqcloud.com/2023/02/02/d6d8b3d1700e465fa3b573c92f503064清洁湿巾.jpg', 27, 2.00, 10, '2023-03-08 16:33:22', '2023-03-08 16:33:22', 0);
INSERT INTO `purchase_detail` VALUES (53, 22, '雀巢咖啡', 'https://jamorant-12-1309991848.cos.ap-beijing.myqcloud.com/2023/02/02/3eb6672ec3844cd1b567f112ca829222雀巢咖啡.jpg', 28, 6.00, 5, '2023-03-08 16:33:31', '2023-03-08 16:33:31', 0);
INSERT INTO `purchase_detail` VALUES (54, 27, '可比克薯片', 'https://jamorant-12-1309991848.cos.ap-beijing.myqcloud.com/2023/02/02/210125915b534d9bad5aba83a189636f可比克薯片.jpg', 28, 5.00, 5, '2023-03-08 16:33:33', '2023-03-08 16:33:33', 0);
INSERT INTO `purchase_detail` VALUES (55, 35, '医用酒精', 'https://jamorant-12-1309991848.cos.ap-beijing.myqcloud.com/2023/02/02/06b6038015204c258b342753d9ca48bc酒精.jpg', 28, 9.00, 5, '2023-03-08 16:33:35', '2023-03-08 16:33:35', 0);
INSERT INTO `purchase_detail` VALUES (56, 21, '冰红茶', 'https://jamorant-12-1309991848.cos.ap-beijing.myqcloud.com/2023/02/02/17371930c864463d8dae92ecfd1131a3冰红茶.jpg', 29, 4.00, 5, '2023-03-08 16:33:42', '2023-03-08 16:33:42', 0);
INSERT INTO `purchase_detail` VALUES (57, 26, '新鲜玉米', 'https://jamorant-12-1309991848.cos.ap-beijing.myqcloud.com/2023/02/02/7232cdfcb1614b61b35385785a8306aa玉米1.jpg', 29, 10.00, 5, '2023-03-08 16:33:44', '2023-03-08 16:33:44', 0);
INSERT INTO `purchase_detail` VALUES (58, 34, 'N95口罩', 'https://jamorant-12-1309991848.cos.ap-beijing.myqcloud.com/2023/02/02/480a93c115ac408391d9407e397d5dc9N95口罩.jpg', 29, 2.00, 5, '2023-03-08 16:33:45', '2023-03-08 16:33:45', 0);
INSERT INTO `purchase_detail` VALUES (59, 38, '清洁湿巾', 'https://jamorant-12-1309991848.cos.ap-beijing.myqcloud.com/2023/02/02/d6d8b3d1700e465fa3b573c92f503064清洁湿巾.jpg', 29, 2.00, 5, '2023-03-08 16:33:47', '2023-03-08 16:33:47', 0);
INSERT INTO `purchase_detail` VALUES (60, 22, '雀巢咖啡', 'https://jamorant-12-1309991848.cos.ap-beijing.myqcloud.com/2023/02/02/3eb6672ec3844cd1b567f112ca829222雀巢咖啡.jpg', 30, 6.00, 5, '2023-03-08 16:33:54', '2023-03-08 16:33:54', 0);
INSERT INTO `purchase_detail` VALUES (61, 26, '新鲜玉米', 'https://jamorant-12-1309991848.cos.ap-beijing.myqcloud.com/2023/02/02/7232cdfcb1614b61b35385785a8306aa玉米1.jpg', 30, 10.00, 5, '2023-03-08 16:33:55', '2023-03-08 16:33:55', 0);
INSERT INTO `purchase_detail` VALUES (62, 27, '可比克薯片', 'https://jamorant-12-1309991848.cos.ap-beijing.myqcloud.com/2023/02/02/210125915b534d9bad5aba83a189636f可比克薯片.jpg', 30, 5.00, 5, '2023-03-08 16:33:57', '2023-03-08 16:33:57', 0);
INSERT INTO `purchase_detail` VALUES (63, 37, '小包纸巾', 'https://jamorant-12-1309991848.cos.ap-beijing.myqcloud.com/2023/02/02/7e944f46bf084c91b8bb4c08216f39db纸巾.jpg', 30, 1.00, 5, '2023-03-08 16:33:58', '2023-03-08 16:33:58', 0);
INSERT INTO `purchase_detail` VALUES (64, 20, '红牛', 'https://jamorant-12-1309991848.cos.ap-beijing.myqcloud.com/2023/02/02/d0ce7e609734490a906cee696fbbf5ba红牛.jpg', 31, 5.00, 10, '2023-03-09 14:18:40', '2023-03-09 14:18:40', 0);
INSERT INTO `purchase_detail` VALUES (65, 20, '红牛', 'https://jamorant-12-1309991848.cos.ap-beijing.myqcloud.com/2023/02/02/d0ce7e609734490a906cee696fbbf5ba红牛.jpg', 33, 5.00, 5, '2023-03-14 14:11:29', '2023-03-14 14:11:29', 0);
INSERT INTO `purchase_detail` VALUES (66, 20, '红牛', 'https://jamorant-12-1309991848.cos.ap-beijing.myqcloud.com/2023/02/02/d0ce7e609734490a906cee696fbbf5ba红牛.jpg', 34, 5.00, 5, '2023-03-17 22:26:46', '2023-03-17 22:26:46', 0);
INSERT INTO `purchase_detail` VALUES (67, 22, '雀巢咖啡', 'https://jamorant-12-1309991848.cos.ap-beijing.myqcloud.com/2023/02/02/3eb6672ec3844cd1b567f112ca829222雀巢咖啡.jpg', 34, 6.00, 5, '2023-03-17 22:26:48', '2023-03-17 22:26:48', 0);
INSERT INTO `purchase_detail` VALUES (68, 38, '清洁湿巾', 'https://jamorant-12-1309991848.cos.ap-beijing.myqcloud.com/2023/02/02/d6d8b3d1700e465fa3b573c92f503064清洁湿巾.jpg', 34, 2.00, 5, '2023-03-17 22:26:52', '2023-03-17 22:26:52', 0);
INSERT INTO `purchase_detail` VALUES (69, 20, '红牛', 'https://xff-1309991848.cos.ap-guangzhou.myqcloud.com/2023/03/22/cbab38f3073a4debaafdc48d51905215红牛.jpg', 35, 5.00, 5, '2023-03-30 15:14:44', '2023-03-30 15:14:44', 0);
INSERT INTO `purchase_detail` VALUES (70, 21, '冰红茶', 'https://xff-1309991848.cos.ap-guangzhou.myqcloud.com/2023/03/22/7495eb5f1e87479a9befbe31ad90fd2d冰红茶.jpg', 35, 4.00, 5, '2023-03-30 15:14:45', '2023-03-30 15:14:45', 0);
INSERT INTO `purchase_detail` VALUES (71, 20, '红牛', 'https://xff-1309991848.cos.ap-guangzhou.myqcloud.com/2023/03/22/cbab38f3073a4debaafdc48d51905215红牛.jpg', 36, 5.00, 5, '2023-03-30 15:15:54', '2023-03-30 15:15:54', 0);
INSERT INTO `purchase_detail` VALUES (72, 27, '可比克薯片', 'https://xff-1309991848.cos.ap-guangzhou.myqcloud.com/2023/03/22/cf7a39aa32414ccab7861b94282189b2可比克薯片.jpg', 38, 5.00, 1, '2023-03-30 15:25:53', '2023-03-30 15:25:53', 0);
INSERT INTO `purchase_detail` VALUES (73, 22, '雀巢咖啡', 'https://xff-1309991848.cos.ap-guangzhou.myqcloud.com/2023/03/22/dcec3b94006645eca3b634ce1dcd5aee雀巢咖啡.jpg', 38, 6.00, 1, '2023-03-30 15:25:55', '2023-03-30 15:25:55', 0);
INSERT INTO `purchase_detail` VALUES (74, 22, '雀巢咖啡', 'https://xff-1309991848.cos.ap-guangzhou.myqcloud.com/2023/03/22/dcec3b94006645eca3b634ce1dcd5aee雀巢咖啡.jpg', 39, 6.00, 1, '2023-03-30 15:27:05', '2023-03-30 15:27:05', 0);
INSERT INTO `purchase_detail` VALUES (75, 20, '红牛', 'https://xff-1309991848.cos.ap-guangzhou.myqcloud.com/2023/03/22/cbab38f3073a4debaafdc48d51905215红牛.jpg', 42, 5.00, 1, '2023-03-30 15:29:57', '2023-03-30 15:29:57', 0);
INSERT INTO `purchase_detail` VALUES (76, 25, '紫山到饭点自热米饭', 'https://jamorant-12-1309991848.cos.ap-beijing.myqcloud.com/2023/02/02/ded70c5c10024756856e5189d1611ffd到饭点自热米饭.jpg', 43, 25.00, 1, '2023-03-30 15:30:18', '2023-03-30 15:30:18', 0);
INSERT INTO `purchase_detail` VALUES (77, 38, '清洁湿巾', 'https://jamorant-12-1309991848.cos.ap-beijing.myqcloud.com/2023/02/02/d6d8b3d1700e465fa3b573c92f503064清洁湿巾.jpg', 44, 2.00, 1, '2023-03-30 15:31:33', '2023-03-30 15:31:33', 0);
INSERT INTO `purchase_detail` VALUES (78, 38, '清洁湿巾', 'https://jamorant-12-1309991848.cos.ap-beijing.myqcloud.com/2023/02/02/d6d8b3d1700e465fa3b573c92f503064清洁湿巾.jpg', 46, 2.00, 1, '2023-04-05 11:53:12', '2023-04-05 11:53:12', 0);
INSERT INTO `purchase_detail` VALUES (79, 37, '小包纸巾', 'https://xff-1309991848.cos.ap-guangzhou.myqcloud.com/2023/03/22/04155dc24f4742a395d720639aaa5046纸巾.jpg', 46, 1.00, 1, '2023-04-05 11:53:13', '2023-04-05 11:53:13', 0);
INSERT INTO `purchase_detail` VALUES (80, 20, '红牛', 'https://xff-1309991848.cos.ap-guangzhou.myqcloud.com/2023/03/22/cbab38f3073a4debaafdc48d51905215红牛.jpg', 47, 5.00, 1, '2023-04-05 15:18:25', '2023-04-05 15:18:25', 0);
INSERT INTO `purchase_detail` VALUES (81, 21, '冰红茶', 'https://xff-1309991848.cos.ap-guangzhou.myqcloud.com/2023/03/22/7495eb5f1e87479a9befbe31ad90fd2d冰红茶.jpg', 47, 4.00, 1, '2023-04-05 15:19:23', '2023-04-05 15:19:23', 0);
INSERT INTO `purchase_detail` VALUES (82, 22, '雀巢咖啡', 'https://xff-1309991848.cos.ap-guangzhou.myqcloud.com/2023/03/22/dcec3b94006645eca3b634ce1dcd5aee雀巢咖啡.jpg', 47, 6.00, 2, '2023-04-05 15:19:24', '2023-04-05 15:19:24', 0);
INSERT INTO `purchase_detail` VALUES (83, 25, '紫山到饭点自热米饭', 'https://jamorant-12-1309991848.cos.ap-beijing.myqcloud.com/2023/02/02/ded70c5c10024756856e5189d1611ffd到饭点自热米饭.jpg', 47, 25.00, 1, '2023-04-05 15:19:27', '2023-04-05 15:19:27', 0);
INSERT INTO `purchase_detail` VALUES (84, 20, '红牛', 'https://xff-1309991848.cos.ap-guangzhou.myqcloud.com/2023/03/22/cbab38f3073a4debaafdc48d51905215红牛.jpg', 48, 5.00, 1, '2023-04-05 15:29:46', '2023-04-05 15:29:46', 0);
INSERT INTO `purchase_detail` VALUES (85, 21, '冰红茶', 'https://xff-1309991848.cos.ap-guangzhou.myqcloud.com/2023/03/22/7495eb5f1e87479a9befbe31ad90fd2d冰红茶.jpg', 48, 4.00, 1, '2023-04-05 15:29:47', '2023-04-05 15:29:47', 0);
INSERT INTO `purchase_detail` VALUES (86, 22, '雀巢咖啡', 'https://xff-1309991848.cos.ap-guangzhou.myqcloud.com/2023/03/22/dcec3b94006645eca3b634ce1dcd5aee雀巢咖啡.jpg', 48, 6.00, 1, '2023-04-05 15:29:48', '2023-04-05 15:29:48', 0);
INSERT INTO `purchase_detail` VALUES (87, 25, '紫山到饭点自热米饭', 'https://jamorant-12-1309991848.cos.ap-beijing.myqcloud.com/2023/02/02/ded70c5c10024756856e5189d1611ffd到饭点自热米饭.jpg', 48, 25.00, 1, '2023-04-05 15:29:50', '2023-04-05 15:29:50', 0);
INSERT INTO `purchase_detail` VALUES (88, 26, '新鲜玉米', 'https://xff-1309991848.cos.ap-guangzhou.myqcloud.com/2023/03/22/4734154d4dfe4e5c85799a1088bc1ea6玉米1.jpg', 48, 10.00, 1, '2023-04-05 15:29:55', '2023-04-05 15:29:55', 0);
INSERT INTO `purchase_detail` VALUES (89, 20, '润田矿泉水', 'https://xff-1309991848.cos.ap-guangzhou.myqcloud.com/2023/04/12/d3dcc449d7bb4c239f1bb9dcb8a9b5d8润田矿泉水.jpg', 49, 0.90, 1, '2023-04-15 00:25:33', '2023-04-15 00:25:33', 0);
INSERT INTO `purchase_detail` VALUES (90, 20, '润田矿泉水', 'https://xff-1309991848.cos.ap-guangzhou.myqcloud.com/2023/04/12/d3dcc449d7bb4c239f1bb9dcb8a9b5d8润田矿泉水.jpg', 50, 0.90, 1, '2023-04-15 00:25:53', '2023-04-15 00:25:53', 0);
INSERT INTO `purchase_detail` VALUES (91, 20, '润田矿泉水', 'https://xff-1309991848.cos.ap-guangzhou.myqcloud.com/2023/04/12/d3dcc449d7bb4c239f1bb9dcb8a9b5d8润田矿泉水.jpg', 51, 0.90, 1, '2023-04-15 00:53:28', '2023-04-15 00:53:28', 0);
INSERT INTO `purchase_detail` VALUES (92, 21, '冰露矿泉水', 'https://xff-1309991848.cos.ap-guangzhou.myqcloud.com/2023/04/12/ed06fb6823114432ab4c2fb2c91747b7冰露矿泉水.jpg', 51, 1.00, 1, '2023-04-15 00:53:34', '2023-04-15 00:53:34', 0);
INSERT INTO `purchase_detail` VALUES (93, 23, '小瓶冰红茶', 'https://xff-1309991848.cos.ap-guangzhou.myqcloud.com/2023/04/12/e96a92bfde2b4e94b76ea849274d72a3小瓶冰红茶.jpg', 51, 3.00, 1, '2023-04-15 00:53:38', '2023-04-15 00:53:38', 0);
INSERT INTO `purchase_detail` VALUES (94, 21, '冰露矿泉水', 'https://xff-1309991848.cos.ap-guangzhou.myqcloud.com/2023/04/12/ed06fb6823114432ab4c2fb2c91747b7冰露矿泉水.jpg', 52, 1.00, 2, '2023-04-15 00:54:15', '2023-04-15 00:54:15', 0);
INSERT INTO `purchase_detail` VALUES (95, 22, '农夫山泉矿泉水', 'https://xff-1309991848.cos.ap-guangzhou.myqcloud.com/2023/04/12/c0ba749003184233b5551445d9fc24ec农夫山泉矿泉水.jpg', 52, 2.00, 1, '2023-04-15 00:54:18', '2023-04-15 00:54:18', 0);
INSERT INTO `purchase_detail` VALUES (96, 23, '小瓶冰红茶', 'https://xff-1309991848.cos.ap-guangzhou.myqcloud.com/2023/04/12/e96a92bfde2b4e94b76ea849274d72a3小瓶冰红茶.jpg', 52, 3.00, 1, '2023-04-15 00:54:20', '2023-04-15 00:54:20', 0);
INSERT INTO `purchase_detail` VALUES (97, 20, '润田矿泉水', 'https://xff-1309991848.cos.ap-guangzhou.myqcloud.com/2023/04/12/d3dcc449d7bb4c239f1bb9dcb8a9b5d8润田矿泉水.jpg', 53, 0.90, 1, '2023-04-15 04:00:05', '2023-04-15 04:00:05', 0);
INSERT INTO `purchase_detail` VALUES (98, 20, '润田矿泉水', 'https://xff-1309991848.cos.ap-guangzhou.myqcloud.com/2023/04/12/d3dcc449d7bb4c239f1bb9dcb8a9b5d8润田矿泉水.jpg', 54, 0.90, 1, '2023-04-18 21:46:33', '2023-04-18 21:46:33', 0);
INSERT INTO `purchase_detail` VALUES (99, 21, '冰露矿泉水', 'https://xff-1309991848.cos.ap-guangzhou.myqcloud.com/2023/04/12/ed06fb6823114432ab4c2fb2c91747b7冰露矿泉水.jpg', 54, 1.00, 1, '2023-04-18 21:46:38', '2023-04-18 21:46:38', 0);
INSERT INTO `purchase_detail` VALUES (100, 23, '小瓶冰红茶', 'https://xff-1309991848.cos.ap-guangzhou.myqcloud.com/2023/04/12/e96a92bfde2b4e94b76ea849274d72a3小瓶冰红茶.jpg', 54, 3.00, 1, '2023-04-18 21:46:41', '2023-04-18 21:46:41', 0);
INSERT INTO `purchase_detail` VALUES (101, 21, '冰露矿泉水', 'https://xff-1309991848.cos.ap-guangzhou.myqcloud.com/2023/04/12/ed06fb6823114432ab4c2fb2c91747b7冰露矿泉水.jpg', 55, 1.00, 2, '2023-04-18 21:47:15', '2023-04-18 21:47:15', 0);
INSERT INTO `purchase_detail` VALUES (102, 22, '农夫山泉矿泉水', 'https://xff-1309991848.cos.ap-guangzhou.myqcloud.com/2023/04/12/c0ba749003184233b5551445d9fc24ec农夫山泉矿泉水.jpg', 55, 2.00, 1, '2023-04-18 21:47:18', '2023-04-18 21:47:18', 0);
INSERT INTO `purchase_detail` VALUES (103, 23, '小瓶冰红茶', 'https://xff-1309991848.cos.ap-guangzhou.myqcloud.com/2023/04/12/e96a92bfde2b4e94b76ea849274d72a3小瓶冰红茶.jpg', 55, 3.00, 1, '2023-04-18 21:47:20', '2023-04-18 21:47:20', 0);

-- ----------------------------
-- Table structure for purchase_info
-- ----------------------------
DROP TABLE IF EXISTS `purchase_info`;
CREATE TABLE `purchase_info`  (
  `id` bigint NOT NULL AUTO_INCREMENT COMMENT '编号',
  `tungy_id` bigint NOT NULL COMMENT '用户id',
  `car_id` bigint NOT NULL COMMENT '车id',
  `out_trade_no` varchar(50) CHARACTER SET utf8mb3 COLLATE utf8mb3_general_ci NULL DEFAULT NULL COMMENT '补货交易编号（第三方支付用)',
  `start_time` datetime NULL DEFAULT NULL COMMENT '补货大致时间起始',
  `end_time` datetime NULL DEFAULT NULL COMMENT '补货大致时间截止',
  `purchase_status` varchar(20) CHARACTER SET utf8mb3 COLLATE utf8mb3_general_ci NULL DEFAULT '0' COMMENT '补货单状态',
  `create_time` timestamp NOT NULL DEFAULT CURRENT_TIMESTAMP COMMENT '创建时间',
  `update_time` timestamp NOT NULL DEFAULT CURRENT_TIMESTAMP ON UPDATE CURRENT_TIMESTAMP,
  `is_deleted` tinyint NOT NULL DEFAULT 0,
  PRIMARY KEY (`id`) USING BTREE,
  INDEX `tungy_id`(`tungy_id` ASC) USING BTREE,
  INDEX `car_id`(`car_id` ASC) USING BTREE
) ENGINE = InnoDB AUTO_INCREMENT = 56 CHARACTER SET = utf8mb3 COLLATE = utf8mb3_general_ci COMMENT = '补货单表' ROW_FORMAT = Dynamic;

-- ----------------------------
-- Records of purchase_info
-- ----------------------------
INSERT INTO `purchase_info` VALUES (9, 34, 1, '20230308110516489', '2023-03-08 19:58:00', '2023-03-08 19:48:52', '2', '2023-03-08 11:05:16', '2023-03-09 15:56:58', 0);
INSERT INTO `purchase_info` VALUES (10, 34, 1, '20230308110636415', '2023-03-09 08:00:00', '2023-03-09 09:00:00', '2', '2023-03-08 11:06:36', '2023-03-22 11:31:52', 0);
INSERT INTO `purchase_info` VALUES (11, 34, 1, '20230308111046868', '2023-03-08 08:00:00', '2023-03-08 09:00:00', '1', '2023-03-08 11:10:46', '2023-03-09 15:56:08', 0);
INSERT INTO `purchase_info` VALUES (12, 34, 1, '20230308111158501', '2023-03-08 08:00:00', '2023-03-08 09:00:00', '2', '2023-03-08 11:11:58', '2023-03-09 15:49:10', 0);
INSERT INTO `purchase_info` VALUES (13, 34, 1, '20230308134119101', '2023-03-08 08:00:00', '2023-03-08 09:00:00', '2', '2023-03-08 13:41:19', '2023-03-09 15:49:00', 0);
INSERT INTO `purchase_info` VALUES (14, 34, 1, '20230308134147062', '2023-03-08 08:00:00', '2023-03-08 09:00:00', '1', '2023-03-08 13:41:47', '2023-03-09 15:49:42', 0);
INSERT INTO `purchase_info` VALUES (15, 34, 1, '20230308135517716', '2023-03-08 08:00:00', '2023-03-08 09:00:00', '2', '2023-03-08 13:55:17', '2023-03-09 15:51:09', 0);
INSERT INTO `purchase_info` VALUES (16, 34, 1, '20230308135922543', '2023-03-08 08:00:00', '2023-03-08 09:00:00', '1', '2023-03-08 13:59:22', '2023-03-13 14:14:22', 0);
INSERT INTO `purchase_info` VALUES (17, 34, 1, '20230308140449219', '2023-03-08 08:00:00', '2023-03-08 09:00:00', '2', '2023-03-08 14:04:49', '2023-03-13 14:14:29', 0);
INSERT INTO `purchase_info` VALUES (18, 34, 1, '20230308140605922', '2023-03-08 08:00:00', '2023-03-08 09:00:00', '2', '2023-03-08 14:06:05', '2023-03-13 14:15:25', 0);
INSERT INTO `purchase_info` VALUES (19, 34, 1, '20230308140654339', '2023-03-08 11:00:00', '2023-03-08 12:00:00', '2', '2023-03-08 14:06:54', '2023-03-13 14:15:30', 0);
INSERT INTO `purchase_info` VALUES (20, 34, 1, '20230308154352965', '2023-03-08 08:00:00', '2023-03-08 09:00:00', '2', '2023-03-08 15:43:52', '2023-03-13 14:15:35', 0);
INSERT INTO `purchase_info` VALUES (21, 34, 1, '20230308154627534', '2023-03-08 08:00:00', '2023-03-08 09:00:00', '3', '2023-03-08 15:46:27', '2023-03-13 14:15:49', 0);
INSERT INTO `purchase_info` VALUES (22, 34, 1, '20230308154819128', '2023-03-08 08:00:00', '2023-03-08 09:00:00', '2', '2023-03-08 15:48:19', '2023-03-13 14:14:45', 0);
INSERT INTO `purchase_info` VALUES (23, 34, 1, '20230308154949303', '2023-03-08 08:00:00', '2023-03-08 09:00:00', '1', '2023-03-08 15:49:49', '2023-03-13 14:16:09', 0);
INSERT INTO `purchase_info` VALUES (24, 34, 1, '20230308160002881', '2023-03-08 08:00:00', '2023-03-08 09:00:00', '2', '2023-03-08 16:00:02', '2023-03-13 14:15:21', 0);
INSERT INTO `purchase_info` VALUES (25, 34, 1, '20230308160018809', '2023-03-08 08:00:00', '2023-03-08 09:00:00', '3', '2023-03-08 16:00:18', '2023-03-13 14:16:44', 0);
INSERT INTO `purchase_info` VALUES (26, 34, 3, '20230308163219087', '2023-03-08 08:00:00', '2023-03-08 09:00:00', '2', '2023-03-08 16:32:19', '2023-03-13 14:16:37', 0);
INSERT INTO `purchase_info` VALUES (27, 34, 3, '20230308163317753', '2023-03-08 08:00:00', '2023-03-08 09:00:00', '2', '2023-03-08 16:33:17', '2023-03-13 14:16:28', 0);
INSERT INTO `purchase_info` VALUES (28, 34, 3, '20230308163329810', '2023-03-08 08:00:00', '2023-03-08 09:00:00', '2', '2023-03-08 16:33:29', '2023-03-13 14:16:24', 0);
INSERT INTO `purchase_info` VALUES (29, 34, 3, '20230308163340522', '2023-03-08 08:00:00', '2023-03-08 09:00:00', '2', '2023-03-08 16:33:40', '2023-03-13 14:16:19', 0);
INSERT INTO `purchase_info` VALUES (30, 34, 3, '20230308163352223', '2023-03-08 08:00:00', '2023-03-08 09:00:00', '1', '2023-03-08 16:33:52', '2023-03-13 14:16:15', 0);
INSERT INTO `purchase_info` VALUES (31, 34, 1, '20230309141833998', '2023-03-09 08:00:00', '2023-03-09 09:00:00', '2', '2023-03-09 14:18:33', '2023-04-15 04:56:43', 0);
INSERT INTO `purchase_info` VALUES (32, 34, 1, '20230313141943006', '2023-03-13 08:00:00', '2023-03-13 09:00:00', '3', '2023-03-13 14:19:43', '2023-03-22 11:30:46', 0);
INSERT INTO `purchase_info` VALUES (33, 36, 1, '20230314141126431', '2023-03-14 08:00:00', '2023-03-14 09:00:00', '2', '2023-03-14 14:11:26', '2023-04-14 23:57:12', 0);
INSERT INTO `purchase_info` VALUES (34, 36, 27, '20230317222635599', '2023-03-17 08:00:00', '2023-03-17 09:00:00', '3', '2023-03-17 22:26:35', '2023-04-14 23:58:30', 0);
INSERT INTO `purchase_info` VALUES (35, 36, 1, '20230330151442878', '2023-03-30 08:00:00', '2023-03-30 09:00:00', '0', '2023-03-30 15:14:42', '2023-03-30 15:14:42', 0);
INSERT INTO `purchase_info` VALUES (36, 36, 1, '20230330151552195', '2023-03-30 08:00:00', '2023-03-30 09:00:00', '0', '2023-03-30 15:15:52', '2023-03-30 15:15:52', 0);
INSERT INTO `purchase_info` VALUES (37, 36, 1, '20230330151702411', '2023-03-30 08:00:00', '2023-03-30 09:00:00', '0', '2023-03-30 15:17:02', '2023-03-30 15:17:02', 0);
INSERT INTO `purchase_info` VALUES (38, 36, 1, '20230330152549307', '2023-03-30 08:00:00', '2023-03-30 09:00:00', '0', '2023-03-30 15:25:49', '2023-03-30 15:25:49', 0);
INSERT INTO `purchase_info` VALUES (39, 36, 1, '20230330152701200', '2023-03-30 08:00:00', '2023-03-30 09:00:00', '0', '2023-03-30 15:27:01', '2023-03-30 15:27:01', 0);
INSERT INTO `purchase_info` VALUES (40, 36, 1, '20230330152813550', '2023-03-30 09:00:00', '2023-03-30 10:00:00', '0', '2023-03-30 15:28:13', '2023-03-30 15:28:13', 0);
INSERT INTO `purchase_info` VALUES (41, 36, 1, '20230330152855832', '2023-03-30 08:00:00', '2023-03-30 09:00:00', '0', '2023-03-30 15:28:55', '2023-03-30 15:28:55', 0);
INSERT INTO `purchase_info` VALUES (42, 36, 1, '20230330152953291', '2023-03-30 08:00:00', '2023-03-30 09:00:00', '0', '2023-03-30 15:29:53', '2023-03-30 15:29:53', 0);
INSERT INTO `purchase_info` VALUES (43, 36, 1, '20230330153016372', '2023-03-30 08:00:00', '2023-03-30 09:00:00', '0', '2023-03-30 15:30:16', '2023-03-30 15:30:16', 0);
INSERT INTO `purchase_info` VALUES (44, 36, 1, '20230330153130759', '2023-03-30 08:00:00', '2023-03-30 09:00:00', '0', '2023-03-30 15:31:30', '2023-03-30 15:31:30', 0);
INSERT INTO `purchase_info` VALUES (45, 36, 1, '20230405115305971', '2023-04-05 08:00:00', '2023-04-05 09:00:00', '0', '2023-04-05 11:53:05', '2023-04-05 11:53:05', 0);
INSERT INTO `purchase_info` VALUES (46, 36, 1, '20230405115306673', '2023-04-05 08:00:00', '2023-04-05 09:00:00', '0', '2023-04-05 11:53:06', '2023-04-05 11:53:06', 0);
INSERT INTO `purchase_info` VALUES (47, 36, 1, '20230405151731354', '2023-04-05 08:00:00', '2023-04-05 09:00:00', '0', '2023-04-05 15:17:32', '2023-04-05 15:17:32', 0);
INSERT INTO `purchase_info` VALUES (48, 34, 1, '20230405152901645', '2023-04-05 08:00:00', '2023-04-05 09:00:00', '2', '2023-04-05 15:29:01', '2023-04-05 16:08:09', 0);
INSERT INTO `purchase_info` VALUES (49, 36, 1, '20230415002530650', '2023-04-15 08:00:00', '2023-04-15 09:00:00', '0', '2023-04-15 00:25:30', '2023-04-15 00:25:30', 0);
INSERT INTO `purchase_info` VALUES (50, 36, 1, '20230415002552184', '2023-04-15 08:00:00', '2023-04-15 09:00:00', '0', '2023-04-15 00:25:52', '2023-04-15 00:25:52', 0);
INSERT INTO `purchase_info` VALUES (51, 36, 1, '20230415005325923', '2023-04-15 09:00:00', '2023-04-15 10:00:00', '2', '2023-04-15 00:53:25', '2023-04-15 01:07:45', 0);
INSERT INTO `purchase_info` VALUES (52, 36, 1, '20230415005410459', '2023-04-15 08:00:00', '2023-04-15 09:00:00', '3', '2023-04-15 00:54:10', '2023-04-15 01:08:22', 0);
INSERT INTO `purchase_info` VALUES (53, 34, 1, '20230415040002016', '2023-04-15 08:00:00', '2023-04-15 09:00:00', '2', '2023-04-15 04:00:02', '2023-04-15 05:06:06', 0);
INSERT INTO `purchase_info` VALUES (54, 36, 1, '20230418214421547', '2023-04-18 08:00:00', '2023-04-18 09:00:00', '0', '2023-04-18 21:44:21', '2023-04-18 21:44:21', 0);
INSERT INTO `purchase_info` VALUES (55, 36, 1, '20230418214710449', '2023-04-18 09:00:00', '2023-04-18 10:00:00', '0', '2023-04-18 21:47:10', '2023-04-18 21:47:10', 0);

-- ----------------------------
-- Table structure for tungy
-- ----------------------------
DROP TABLE IF EXISTS `tungy`;
CREATE TABLE `tungy`  (
  `id` bigint NOT NULL AUTO_INCREMENT COMMENT 'userid',
  `phone` varchar(200) CHARACTER SET utf8mb4 COLLATE utf8mb4_0900_ai_ci NULL DEFAULT NULL COMMENT '手机号',
  `password` varchar(200) CHARACTER SET utf8mb4 COLLATE utf8mb4_0900_ai_ci NULL DEFAULT '0,0' COMMENT '用户密码',
  `name` varchar(200) CHARACTER SET utf8mb4 COLLATE utf8mb4_0900_ai_ci NULL DEFAULT NULL COMMENT '用户姓名',
  `nick_name` varchar(100) CHARACTER SET utf8mb4 COLLATE utf8mb4_0900_ai_ci NULL DEFAULT NULL COMMENT '昵称',
  `sex` tinyint NULL DEFAULT NULL COMMENT '性别',
  `avatar` mediumtext CHARACTER SET utf8mb4 COLLATE utf8mb4_0900_ai_ci NULL COMMENT '头像',
  `chengshi_id` bigint NULL DEFAULT NULL COMMENT '城市',
  `address` varchar(30) CHARACTER SET utf8mb4 COLLATE utf8mb4_0900_ai_ci NULL DEFAULT NULL COMMENT '地址',
  `open_id` varchar(45) CHARACTER SET utf8mb4 COLLATE utf8mb4_0900_ai_ci NULL DEFAULT NULL COMMENT '小程序open id',
  `time_start` time NULL DEFAULT NULL COMMENT '工作起始时间',
  `time_end` time NULL DEFAULT NULL COMMENT '工作结束时间',
  `create_time` timestamp NOT NULL DEFAULT CURRENT_TIMESTAMP COMMENT '创建时间',
  `update_time` timestamp NOT NULL DEFAULT CURRENT_TIMESTAMP ON UPDATE CURRENT_TIMESTAMP,
  `is_deleted` tinyint NOT NULL DEFAULT 0,
  PRIMARY KEY (`id`) USING BTREE
) ENGINE = InnoDB AUTO_INCREMENT = 37 CHARACTER SET = utf8mb4 COLLATE = utf8mb4_0900_ai_ci COMMENT = '囤管员' ROW_FORMAT = Dynamic;

-- ----------------------------
-- Records of tungy
-- ----------------------------
INSERT INTO `tungy` VALUES (34, '16620970401', '11,1', 'cxz囤货场', 'cxz', 0, 'data:image/jpeg;base64,/9j/4AAQSkZJRgABAQAAAQABAAD/4gJASUNDX1BST0ZJTEUAAQEAAAIwAAAAAAIQAABtbnRyUkdCIFhZWiAAAAAAAAAAAAAAAABhY3NwAAAAAAAAAAAAAAAAAAAAAAAAAAAAAAAAAAAAAQAA9tYAAQAAAADTLQAAAAAAAAAAAAAAAAAAAAAAAAAAAAAAAAAAAAAAAAAAAAAAAAAAAAAAAAAAAAAAAAAAAAlkZXNjAAAA8AAAAHRyWFlaAAABZAAAABRnWFlaAAABeAAAABRiWFlaAAABjAAAABRyVFJDAAABoAAAAChnVFJDAAABoAAAAChiVFJDAAABoAAAACh3dHB0AAAByAAAABRjcHJ0AAAB3AAAAFRtbHVjAAAAAAAAAAEAAAAMZW5VUwAAAFgAAAAcAHMAUgBHAEIAAAAAAAAAAAAAAAAAAAAAAAAAAAAAAAAAAAAAAAAAAAAAAAAAAAAAAAAAAAAAAAAAAAAAAAAAAAAAAAAAAAAAAAAAAAAAAAAAAAAAAAAAAFhZWiAAAAAAAABvogAAOPUAAAOQWFlaIAAAAAAAAGKZAAC3hQAAGNpYWVogAAAAAAAAJKAAAA+EAAC2z3BhcmEAAAAAAAQAAAACZmYAAPKnAAANWQAAE9AAAApbAAAAAAAAAABYWVogAAAAAAAA9tYAAQAAAADTLW1sdWMAAAAAAAAAAQAAAAxlblVTAAAAOAAAABwARwBvAG8AZwBsAGUAIABJAG4AYwAuACAAMgAwADEANgAAAAAAAAAAAAAAAAAAAAAAAAAAAAAAAP/bAEMACgcHCAcGCggICAsKCgsOGBAODQ0OHRUWERgjHyUkIh8iISYrNy8mKTQpISIwQTE0OTs+Pj4lLkRJQzxINz0+O//AAAsIAIQAhAEBEQD/xAAbAAEAAgMBAQAAAAAAAAAAAAAABQYBAwQCB//EADgQAAEDAwEFAwsEAQUAAAAAAAEAAgMEBREGEiExQVETYYEHFCIyUmJxobHB0SNCkfBjFSTC4fH/2gAIAQEAAD8A+zIiIiIiIiIiIiIiItNRV01K3aqKiKFvV7w36qLm1hp6E4ddacn3HbX0WGax0+/hc4h8QR9l3Ut4tlacU1fTzHoyQErsWe5ERETuRO5FoqauCkZtTPDeg5nuUa+41dbtMootgEbnkZKqdZoW7XKuMs8kIBOS95JP5+a7oPJ12bRtXN7T/jbhdTtDODcR3apB97eo6r0XdIxmN9NWAcpIwHHx3LjiuV3sUojk85pfcfmSM+B3/wAKz2rV0FU1raxrYi44ErDmMn7H4qxAhwBBBB4ELKIiIijLrd2UDezZh87huHs95XHQWyatf53XucQ7eGnifwpyONkTAxjQ1o5Be+5ERaqimgq4jFURMlY7i1wyFUbvpB9K51XaXOI/dCd5x/yHcd/Q8140/f30rhTzZ7McYyc7He3qO7iFdI5GysD2ODmuGQQvSIiLiutwbbqMynBedzG9Qoex259bKbhWZcC7LQf3Hr8FZUREREVY1PYe0abjRjZmj9J4aOPvAdevUeC8aYvIcBTyHAJxjPqn8FWpERFU657r1fW0zCezjOyCOnMq0xxshjbGxoa1owAOQXtERERFgjIwVQLzSmx34PjBEE/pNxy37x4H6q62yqFXRMkzlwGCutEXNcJ/NqCabOC1px8eShNK0+e1qnDedw8f6VZERU+o8odLBrNmnvMnlplbC6o28YeeGG44ZIGcq4IojU1/i01ZJblJCZiwhrIwcbTid2/kvGlNSRaps4uEUDoC2QxyRuOcOAB3HmMEqaRVzW9H5xYzO0enTuDge7gVp0VVumpXMceQ/vzVpRFE6lfsWd49pwC9afjDLaO9ylERQ8mlLJLfW3t9E01zSHCTaOMjcDjOM96mEXJc7XR3igkoa+ETQSY2mkkcN4II4rzabRQ2ShbRW+AQwtJOMkkk8SSd5K7UXJdYhNaqqM8HRO+iqein7NQWfEfVXdEUNqgZtBPR5W+xOBtzQORCkkRa6hkklNKyGTspXMIZJjOycbjjnhUWnn8pbYxRea0RdTk5q5nA9uM7sYP2HgtpqvKZMMC32qn2Bn1s7fd6x+ykNNP1bWXWesv0cdFSiIRx0jMHafzfkEnrz5q0oi5rg4Mt1S48BE4/JU/RYzXuPIbRV5RFH3yEz2eoaBkhu0PDeo/StT2lMYzxCsCIiIiIih9VVYpLDOc75BsDvzx+WVEaEpz2U05G7Ab4nf8AhW9EWHNDmlpGQRgqp0WbTeJKd25odlveP/FbGuDmhwOQVlEREREVC1xcvOq+K3ROy2He/HtFWrT9B/p1ohicMSOG2/4nl4cFJoiKE1FQOlibWQj9WH1u8f8AX5WbHdGzxiGQ4dwGeR6KaRERERRV/vUVmoHSEgzPGImdT1+KqWlLTJdbm641WXRRv2iXfvfxX0JERFgjIwVVbxapLdMaykGYT6zQcbP47jy4Hdw77Vf4pmtiqX7Ls7Ied2/oehU2DkZKyiIiirzf6SzxHbcJJyPRiad5+PQqm0tHcNWXQzTOIjz6T8bmN6BfQKOkhoaVlNTsDY2DAC3oiIiwQHAgjIPEFVu66ZcXGe2kMdjfEeBHQd3cfDCiqe+XC0SdjMCwN4xTZ2fA8R8wpyn1bROaPOopaf3tnbYfFv2XdFfrROP07lTHu7UAr2+8WyJuX3CmaO+Vv5UdVazslMDs1JqHdIWkj+eHzUHW6wuFd+lQU5pmu3Bz97j/AHuys2vSVTWy+c3J72tccna9Z38/ZXOmpYaOBsNPGGMbyC3IiIiIi01NJT1bNiohZIPeHBQs+jqFzi+lllpnH2HHC4pdHVbjuuDJB/lia77LW3RNRnfU07e9kIB+QXRBoala8PqKqWQ9GgN+anKK00NAP9vTta72jvd/JXaiIiIiIiIiIiIiIiIiIiIiIiIiIv/Z', 139, '江西省赣州市南康区章江11号囤货场', 'o1nVa5ed2OYliWDE_DKZcIn0co1I', '09:00:00', '22:30:00', '2023-03-07 22:31:34', '2023-04-18 21:02:19', 0);
INSERT INTO `tungy` VALUES (36, '10086', '11,1', '北京囤货场', '迎峰来)登风造极', 0, 'data:image/jpeg;base64,/9j/4AAQSkZJRgABAQAAAQABAAD/4gIoSUNDX1BST0ZJTEUAAQEAAAIYAAAAAAIQAABtbnRyUkdCIFhZWiAAAAAAAAAAAAAAAABhY3NwAAAAAAAAAAAAAAAAAAAAAAAAAAAAAAAAAAAAAQAA9tYAAQAAAADTLQAAAAAAAAAAAAAAAAAAAAAAAAAAAAAAAAAAAAAAAAAAAAAAAAAAAAAAAAAAAAAAAAAAAAlkZXNjAAAA8AAAAHRyWFlaAAABZAAAABRnWFlaAAABeAAAABRiWFlaAAABjAAAABRyVFJDAAABoAAAAChnVFJDAAABoAAAAChiVFJDAAABoAAAACh3dHB0AAAByAAAABRjcHJ0AAAB3AAAADxtbHVjAAAAAAAAAAEAAAAMZW5VUwAAAFgAAAAcAHMAUgBHAEIAAAAAAAAAAAAAAAAAAAAAAAAAAAAAAAAAAAAAAAAAAAAAAAAAAAAAAAAAAAAAAAAAAAAAAAAAAAAAAAAAAAAAAAAAAAAAAAAAAAAAAAAAAFhZWiAAAAAAAABvogAAOPUAAAOQWFlaIAAAAAAAAGKZAAC3hQAAGNpYWVogAAAAAAAAJKAAAA+EAAC2z3BhcmEAAAAAAAQAAAACZmYAAPKnAAANWQAAE9AAAApbAAAAAAAAAABYWVogAAAAAAAA9tYAAQAAAADTLW1sdWMAAAAAAAAAAQAAAAxlblVTAAAAIAAAABwARwBvAG8AZwBsAGUAIABJAG4AYwAuACAAMgAwADEANv/bAEMACgcHCAcGCggICAsKCgsOGBAODQ0OHRUWERgjHyUkIh8iISYrNy8mKTQpISIwQTE0OTs+Pj4lLkRJQzxINz0+O//bAEMBCgsLDg0OHBAQHDsoIig7Ozs7Ozs7Ozs7Ozs7Ozs7Ozs7Ozs7Ozs7Ozs7Ozs7Ozs7Ozs7Ozs7Ozs7Ozs7Ozs7O//AABEIAIQAhAMBIgACEQEDEQH/xAAcAAABBQEBAQAAAAAAAAAAAAAEAAIDBQYHAQj/xAA+EAACAQMDAQUFBgQCCwAAAAABAgMABBEFEiExBhNBUWEUIiNxgRUykaGxwQdS0fBCghYXJDM2U2Kis8Lx/8QAGgEAAgMBAQAAAAAAAAAAAAAAAgQBAwUABv/EACYRAAICAgMAAQQCAwAAAAAAAAABAhEDIQQSMQUTIjJBM0JRYXH/2gAMAwEAAhEDEQA/AOYGbaMCoXfcePCmFs15jimJVeitSlWz2vCM0qQ5qCTypIoXncRxjLHoM5phHNG6Qgk1BUMPe5U8ZIxgZzxUMlbPfs0KAs0pSY4+F3ZyB45zjNWx0yOOPvYUdUjTcpkI3AE4wcep4plzdtZoTvOTwQMEHyz5/PFM0+7lZJw3dsk8TAKSB7wOQcZ4OfCq26oOKV6HwRQWrMYoPjrliZGB2eXhVfdRSyzCSVVzIOWVgdx86JheVZWM3w9x5LAr9DTri6mRluFjjeHo3ulhwcc56fjUp7Iaqiue2aP3qjFwV4zRU12kik8DPgOg8KrXILZFGR4Gx7ZOadJACKGhYjGPGjUhkZcg0aSYTySeivkiKk1HjFWwgyMMOaFurUryooWqB0BUq9IIODSoCB6rzii0s2ZM7TUotE3gjirSMBIeQKsSshUjPSx92xBpgoq9ZWmOKbBaPMc9BXJbpENjYoDJ0BNEQH2RiBbLI7EbS2cj5VaWtoIo+lC33un4fDdBjrRSx0tkqS/QyWN5+X2ccEKwOyp7PT5lk+DA7EjBwOn1qz7L6RFcMiTAFQd7jPX+8V0pA9vZpFBaIvHLKAM0lOai6GYYnPZzyTRtVntx39gzoq7ScZyB5/1qhu7OWwRu63NbsMPGw5XI867hYSSrGoMa45BBNZ/txo0Nxp0t5CqpKgwwA6r0FRHJ/kKeN23Zxfu3p4hOOalYhXKnwOK9EoApvYuqGpCVINWlrKgwHoATLiozN8Tg1ylTDjGL0XhRW5Wo3hDjmgVvCq9akS9301FxkKZLg6RBNbL3hpVJJIS2aVVuCs5SYOLwMeeKLS4LLjdVTJFhuKItoJc55xS5dVhRtVlkyatLW2VFFAxvs4YYNGJOAo5pjE6KskSebOMLQDRZdmk6KOM+dHCQHmh7h1VXOOMfn/YoMjvZZFJGh7IRSk3MpxtlO2PHUAcf1qwuE1N9UbbbXCsuOtw2D4dAcA1S9k9Rs47gRNcEXDZQREderZBrWXGsXd02y3kKOi+6AoxnHrxWVNvs7NXGl0VDdd0rVjZQPBD7Vzll3MMfhRsNlP8AYrWs6LbrKhRQWJ258TmhLPUtfuIyl9siiVCSUIGT8z0+hFST9pYYtOMuqNmCN+7Ziu7Ofl1ofNIJq9s5Tr9gdN1Wa3YksjFWJXbk+eMnHBFVZz51fdpLuPUrqe9ijKxvN8MHrt2gDP0U1QNWhF6VGZKuzo9ViaRJVq9g5fGM1PLbsE3FaKgLEAHXApRoySAVHFJtbDUfCm/3gKajCLhZS5S70OCEilTiCDilS9jIBFh5OKt4wiRdKp0yhyAaKSYsQvhQEwdEly4Y4WolmKjkGiljU+FRyKgzRqTQM43s8jvD0qaSVZYGXcNzcAev95qtY4binwPL36CJDI5OFUDJJ9BUN2gVphOjqw7S2ir1EoFdCWGGaVi5mjkUe7JBIUdfkRWS0jQ9TtO01q95ZTwbcyN3sZXw9fmK0863IkaS2fbIpz0rPzupI0uKrgy1s7SzuXAmvtTugvJjluH2n0I4BHoazv8AEJythawxLhZJzIQPQYA/7qtNOl1W9lMbuiRf4ihJJ/pVV2+jk7zTreNCwVWYnHjkf0qMbuaQef8ABsyZRZohEcgnlT4f31/Gh5rBgmakSZluNkgK7Dt2kYxRskymLrWhGKoy2ystYAsnyo+VVMRxQHfYckU2S4duM1YmkqK2tjkhVpOcYqzjVI48GqhJmQ4qVrt2XANSp0iGt0EyyrvpVXGRs0qrtFmy4aw7pSjDBHWqyQ91JgVrdcsZrWNpSMgdayJR7i4WONS7uwVVAyST0FTkgoSaTCjNygm1TCLY3N7cR2tnC808h2oiDJJrb2H8LLqSNG1fWIbKR+kMad6w9CcgZ+WavuzWh2fZDTRI697qMy/GlHJX/oX0/X8KOa+VCveZEkvQnB2UtLJRfDG5eFBP/DbStJ0+a7a6l1OaMbhG6GNMeP3TnP1qks9ROmyLcafBFbtE4ddi4Jwc4J6n610O31ISRgSICDwTyc+Z6VzSSMRXUyKfc3MB+NOcKffspCPPh06yizpmpXEGq6dDq1v70Nwg3HxRunP6fM1k/ie1bFG6hezHaR9Cla3uF72xm4kjxnB6ZH7jxrXx6DDeOl/pUySW0g6A5zSnM4sk+0Bv4/mRrpIBs2EC4PzOKL1Wwhv+zV5IYlecRkxZGSG8Mfp9KIttF7u4kWduMDbjxq37m3s4hcXRWC1t8SMWPUjp+dJ4McnLQ9ycsFHZiP4h6bpo1S2SS1jaY2y95KvusxyRkkdTx41lLbsVd6tvGk3Cyui7jFMdpx6HofrirTXtUfW9SuL4gqrtiNf5VHAq17CXiW0148hwREmK3MsFDDdbR5/j5JSzqN6RzbVdH1LRLnuNRtJLdz03chvkRwfpQOc13zVIdL1+xlsLxcl+QpxlT5g+Briet6RLouqTWMpz3Z91v518DSMJ9jRnCgAcV7T4ow3WnyRBelXqDasXcknYPilTs0qAKzt2raRFd2LDbncKxnZns6NM1afUr0bYrfIt9w+8x8foPzPpXU7aJWhAYAj1qq1+z76PO3hRwAKSc3SNLqm0VEM0khfeAQrZVieuaDu55GmJhukAAwFUgk1PGYreHuvuHqR45qhm1qyinZLKHv8AujiR0IGPx60qnKTG2oxilZotPmSMKxkOehDZz61mWazTXN10rG19pzII+pTPOKtLTXoZLd5fCMEkMMEYrKtO0ztITySTWt8f/ZmL8mvxRf3t12bjlk9isrm6yxIa5cRoPQKnP5ihbDtFqWk3ntOnyrCOhiVPhsPIjx+fX1qpJz8xXitz8/GtDqqpmX2d2jef6zi0HOjRi6/mEvufPGM/TP1qpj15deupx2ivHjh7sdwsSnZG+4DO0dcAk8+VZssMeVJCCcDioWKK8CeSTdvZq59I0f2FTp+sRzyjcW7whAR1AC9cmh+z0efaSqggbASfAYNUGdp61edmLq3iW7juJAqybABnBYjPAqnkRawSt2X8WUXnhSovzdsXWVxiPqME/jWT/iJAjw2V4vJBaIt5j7w/9q0xnAQPHIAo6A0Jq+h/6Q6abVZQky/GiJ6EgYwfQ5rEwyqRvZ4fazmEUgTrTnmDDioriCW1uHgmQpLGxV1PUEU0c1rRm0qMiUE3Yi9KkVpVWGfQ1rcE24bNercpcSGMn36r9JlElny3PlQ3fGHUxg8CkTTSZU9t7CaOxd7PKOQdzDrjyNc50gst+sYziUFGH9+prturRJc6e2QDkVynSYrax7dWqXUKywNOFKsOMtwD9CQaYwx7JpC2duNSBZZGEjQgEEHaQeOav9M0q2msoRJC8sk5fBV9u0LgcDoTnzobtJp/2fr0w5O7LAnr1K5+Zxn61Dbane2cRjt5yiE5xgHn60/x4qMNGZyZuc7ZbjQ7R9Pgk2SIzxROZA+cliARj6/3ioBYaYsd89wtyq2kjIHVwBIc8KOOtVqaheKQVuCCEVBwPuqcgfWihqGtxQnaZRFJly3cDDZySc49KvFaHjTdNktLaUG7R7mVY0DleeQCwGOnX8qggsUe+vLdXIFssjA4yW2n96b9uX7Rxx7o2SLaVHdL7uMY6D0FPi1uWW5LGC1R3VkdkjwW3eZzXWdTDrrs5JHN3cVyjYBZjKpjAUdT45HPU1Q30M9jcSxhgJrZw6spzz1H61pvtxZLsXEto4lUEZS4bAzjoDx4dKoLxxcahdzLGEV2B2DwzUSTaphY6UqNHperxX9gLqFNsmdssf8AK39KtIZ9km5JsttyzdAFrntheTaTcS90qtFOu11YcZ8D9P3qa+7Q390vs8jLFGOCsfG751iy40ozpem/HlRlD7vSPtl3N5qD6lb/AHWYI3H3sDAb8iPwrOoK0MapeQtBIRtcY+XlWcEUq3BgKnvFYqVHmKflFRSozVLtJ2TgjFKpxpdzgZKD0zSoAjfN2h+zCI8EhujeXpTrfWPa7pGJ8eKrL2z9qtAQ25sFgT50HpAk71cA8Ghx4sc8Da9Q28s1nUX4zp+/vNP5P+GuYaxC0evo0f3942n1zW+F6IrIK38tYDUrtW1R5f8AlhsfPBx+eKt4UXbYHPaUEv8AZf8Ab7aO0H+UA/gD+9Zg48OlaLt1J3l9ZXOOLiASfiF/pWcByaYxPVf9M3It2enpit3o2oNd9kpSVZO4ikgx3jEMFiznBOBWEPPStf2e/wCC9QPiPaP/ABCrWUWOt+1GlaXo1tFYq0sqogeFCYiWwd7Ftpyc4FGyzDtB2fuLi5spYcLJ3YmALAqm4OrbQeoxUTNZdldGtbiO1Z5XCBmjVd7OUDEliDhecACq271zWtX0yaW0sFhtCrrJKZt7hRgsMseByM4HNASU8f8AtEKSjqRhvlQl6e4bAOTIcn0x/wDansidgUdGyRQuqD4qeYXBpmFNoraaQMx3ChbqNyIypwcc5HhREUZllWMEDccZPjRFzFG8m1NuBwMUOfFGw8WWSdENjErFPefdnzrxo4h2gmfACk4z64Gf3oqLbbIZyPu8KPM+FV5OWLHkk5JoYYlKNMmWRqVss2lgU4Mi5pVVHrSqfoRJ+tI2tqgmhdnyegx4eNeabDGLxvd8c0qVYeF+noUvuYZq0jLbkA44rDzktvJ6nNKlWxw/42ZXyX8iNH2gkaXS9Bd+W9hUZ+XH7VRDrSpVVDxi8v0Oq/0nUJYezl9aqqFGWUkkHPKAHx9KVKrn4Uv02ulH2u2hLbkJjTJjdhnCgdM46AU3tJbdzod9L3sjkWzqAxHAOM+HoKVKhR37Oc2PMcX+b9aE1D/fS+hT9DSpVfj9QMwe3bZMGABPTn14omEB9+fA/jSpUWT8gF4R6ixDxxj7oTIHzoOlSqyP4o4QGaVKlXHH/9k=', 139, '江苏省无锡市甲基囤货场', 'o1nVa5d4Gs3PmU5QgVmRQ74J4DO0', '08:00:00', '23:00:00', '2023-03-09 14:02:33', '2023-04-18 21:02:19', 0);

SET FOREIGN_KEY_CHECKS = 1;
